Model,Name,Category
800,Gear Set with Motor,Universal Building Set:Gears
801,Gear Set,Universal Building Set:Gears
802,Gear Supplementary Set,Universal Building Set:Gears
803,Extra Bricks Yellow,Universal Building Set:Supplemental
804,Extra Bricks Black,Universal Building Set:Supplemental
805,Extra Bricks Gray,Universal Building Set:Supplemental
806,Extra Plates Blue,Universal Building Set:Supplemental
807,Extra Plates Red,Universal Building Set:Supplemental
808,Wheels and Tires,Universal Building Set:Supplemental
809,Doors and Windows,Universal Building Set:Supplemental
810,Basic Motor Set,Universal Building Set:Supplemental
811,"Red Roof Bricks, Steep Pitch",Universal Building Set:Supplemental
812,Gear Supplementary Set,Universal Building Set:Gears
813,"Baseplate, Green",Universal Building Set:Supplemental
814,"Baseplates, Green, Red and Yellow",Universal Building Set:Supplemental
815,"Baseplate, Gray",Universal Building Set:Supplemental
816,"Lighting Bricks, 4.5V",Universal Building Set:Supplemental
818,Wheel-Wind Motor,Universal Building Set:Supplemental
819,Blue Sea Plate,Universal Building Set:Supplemental
820,Red Plates Parts Pack,Universal Building Set:Supplemental
821,"Brick Separator, Gray",Universal Building Set:Supplemental
822,Blue Plates Parts Pack,Universal Building Set:Supplemental
823,"Wooden Storage Box Medium (Single Latch), Empty",Classic:Wooden Box Set
824,"Wooden Storage Box Large (Double Latch), Empty, without Lattice",Classic:Wooden Box Set
830,Red Bricks Parts Pack,Universal Building Set:Supplemental
831,Black Bricks Parts Pack,Universal Building Set:Supplemental
832,Blue Bricks Parts Pack,Universal Building Set:Supplemental
833,White Bricks Parts Pack,Universal Building Set:Supplemental
834,Yellow Bricks Parts Pack,Universal Building Set:Supplemental
835,Advanced Builders Set,Samsonite:Basic Set
836,Doors and Windows Parts Pack,Universal Building Set:Supplemental
837,Wheels and Tires Parts Pack,Universal Building Set:Supplemental
838,"Red Roof Bricks Parts Pack, 45 degrees",Universal Building Set:Supplemental
839,"Red Roof Bricks Parts Pack, 33 degrees",Universal Building Set:Supplemental
840,"Baseplate, Green",Universal Building Set:Supplemental
841,"Baseplates, Green and Yellow",Universal Building Set:Supplemental
842,"Baseplates, Red and Blue",Universal Building Set:Supplemental
843,"Baseplate, Gray",Universal Building Set:Supplemental
845,"Battery Motor, 9V",Universal Building Set:Supplemental
846,Lighting Bricks,Universal Building Set:Supplemental
850,Fork Lift,Technic:Expert Builder
851,Tractor,Technic:Expert Builder
852,Helicopter,Technic:Expert Builder
853,Auto Chassis,Technic:Expert Builder
854,Go-Kart,Technic:Expert Builder
855,Mobile Crane,Technic:Expert Builder
856,Bulldozer,Technic:Expert Builder
857,Motorcycle,Technic:Expert Builder
858,Auto Engines,Technic:Expert Builder
870,Power Pack,Technic:Expert Builder
871,Expert Builder/Gear Parts,Technic:Expert Builder
872,Two Gear Blocks (Gear Reduction Kit),Technic:Expert Builder
874,Yellow Beams with Connector Pegs,Technic:Expert Builder
875,Red Beams with Connector Pegs,Technic:Expert Builder
876,Blue Beams with Connector Pegs,Technic:Expert Builder
877,Steering Gear Parts,Technic:Expert Builder
878,Piston Parts (Axles & Pistons),Technic:Expert Builder
879,Gear Wheels with Chain Links (Gear Wheels & Chainlinks),Technic:Expert Builder
880,12V Motor,Technic:Expert Builder
885,Space Scooter,Space:Classic Space
886,Space Buggy,Space:Classic Space
889,Radar Truck,Space:Classic Space
890,Wind-Up Motor,Universal Building Set:Supplemental
891,Two-Man Scooter,Space:Classic Space
894,Mobile Ground Tracking Station,Space:Classic Space
895,Wind-up Motor,Universal Building Set:Supplemental
897,Mobile Rocket Launcher,Space:Classic Space
8000,Pit Droid,Technic:Star Wars:Star Wars Episode 1
8001,Battle Droid,Technic:Star Wars:Star Wars Episode 1
8002,Destroyer Droid,Technic:Star Wars:Star Wars Episode 1
8003,Volcano Climber,Technic:RoboRiders
8004,Dirt Bike,Technic:RoboRiders
8005,Ice Explorer,Technic:RoboRiders
8006,Swamp Craft,Technic:RoboRiders
8007,C-3PO,Technic:Star Wars:Star Wars Episode 4/5/6
8008,Stormtrooper,Technic:Star Wars:Star Wars Episode 4/5/6
8009,R2-D2,Technic:Star Wars:Star Wars Episode 4/5/6
8010,Darth Vader,Technic:Star Wars:Star Wars Episode 4/5/6
8011,Jango Fett,Technic:Star Wars:Star Wars Episode 2
8012,Super Battle Droid,Technic:Star Wars:Star Wars Episode 2
8014,Clone Walker Battle Pack,Star Wars:Star Wars The Clone Wars
8015,Assassin Droids Battle Pack,Star Wars:Star Wars The Clone Wars
8016,Hyena Droid Bomber,Star Wars:Star Wars The Clone Wars
8017,Darth Vader's TIE Fighter,Star Wars:Star Wars Episode 4/5/6
8018,Armored Assault Tank (AAT),Star Wars:Star Wars The Clone Wars
8019,Republic Attack Shuttle,Star Wars:Star Wars The Clone Wars
8020,Building Set,Technic:Universal Building Set
8022,Starter Set,Technic:Universal Building Set
8024,Universal Set,Technic:Universal Building Set
8026,Kraatu,BIONICLE
8028,TIE Fighter - Mini polybag,Star Wars:Mini:Star Wars Episode 4/5/6
8029,Mini Snowspeeder,Star Wars:Mini
8030,Universal Set,Technic:Universal Building Set
8031,V-19 Torrent - Mini polybag,Star Wars:Mini:Star Wars The Clone Wars
8032,Universal Set,Technic:Universal Building Set
8033,General Grievous Starfighter - Mini polybag,Star Wars:Mini:Star Wars Episode 3
8034,Universal Set,Technic:Universal Building Set
8035,Universal Set,Technic:Universal Building Set
8036,Separatist Shuttle,Star Wars:Star Wars The Clone Wars
8037,Anakin's Y-wing Starfighter,Star Wars:Star Wars The Clone Wars
8038,The Battle of Endor,Star Wars:Star Wars Episode 4/5/6
8039,Venator-Class Republic Attack Cruiser,Star Wars:Star Wars The Clone Wars
8040,Building Set,Technic:Universal Building Set
8041,Race Truck,Technic:Model:Race
8042,Pneumatic Set,Technic:Universal Building Set
8043,Motorized Excavator,Technic:Model:Construction
8044,Universal Pneumatic Set,Technic:Universal Building Set
8045,Mini Telehandler,Technic:Model:Construction
8046,Helicopter,Technic:Model:Airport
8047,Compact Excavator,Technic:Model:Construction
8048,Buggy,Technic:Model:Off-Road
8049,Tractor with Log Loader,Technic:Model:Farm
8050,Building Set with Motor,Technic:Universal Building Set
8051,Motorbike,Technic:Model:Riding Cycle
8052,Container Truck,Technic:Model:Construction
8053,Mobile Crane,Technic:Model:Construction
8054,Universal Motor Set,Technic:Universal Building Set
8055,Universal Set,Technic:Universal Building Set
8056,Monster Crab Clash,Atlantis
8057,Wreck Raider,Atlantis
8058,Guardian of the Deep,Atlantis
8059,Seabed Scavenger,Atlantis
8060,Typhoon Turbo Sub,Atlantis
8061,Gateway of the Squid,Atlantis
8062,Universal Set with Storage Case,Technic:Universal Building Set
8063,Tractor with Trailer,Technic:Model:Farm
8064,Universal Motor Set 9V,Technic:Universal Building Set
8065,Mini Container Truck,Technic:Model:Construction
8066,Off-Roader,Technic:Model:Off-Road
8067,Mini Mobile Crane,Technic:Model:Construction
8068,Rescue Helicopter,Technic:Model:Airport
8069,Backhoe Loader,Technic:Model:Construction
8070,Supercar,Technic:Model:Traffic
8071,Bucket Truck,Technic:Model:Traffic
8072,Sea Jet,Atlantis
8073,Manta Warrior,Atlantis
8074,Universal Set with Flex System,Technic:Universal Building Set
8075,Neptune Carrier,Atlantis
8076,Deep Sea Striker,Atlantis
8077,Atlantis Exploration HQ,Atlantis
8078,Portal of Atlantis,Atlantis
8079,Shadow Snapper,Atlantis
8080,Undersea Explorer,Atlantis
8081,Extreme Cruiser,Technic:Model:Off-Road
8082,Multi Control Set,Technic:Universal Building Set
8083,Rebel Trooper Battle Pack,Star Wars:Star Wars Episode 4/5/6
8084,Snowtrooper Battle Pack,Star Wars:Star Wars Episode 4/5/6
8085,Freeco Speeder,Star Wars:Star Wars The Clone Wars
8086,Droid Tri-Fighter,Star Wars:Star Wars The Clone Wars
8087,TIE Defender,Star Wars:Star Wars Legends
8088,ARC-170 Starfighter,Star Wars:Star Wars Episode 3
8089,Hoth Wampa Cave,Star Wars:Star Wars Episode 4/5/6
8090,Universal Set,Technic:Universal Building Set
8091,Republic Swamp Speeder - Limited Edition,Star Wars:Star Wars Episode 3
8092,Luke's Landspeeder,Star Wars:Star Wars Episode 4/5/6
8093,Plo Koon's Jedi Starfighter,Star Wars:Star Wars The Clone Wars
8094,Control Center,Technic:Universal Building Set
8095,General Grievous' Starfighter,Star Wars:Star Wars The Clone Wars
8096,Emperor Palpatine's Shuttle,Star Wars:Star Wars Episode 3
8097,Slave I {3rd edition},Star Wars:Star Wars Episode 4/5/6
8098,Clone Turbo Tank,Star Wars:Star Wars The Clone Wars
8099,Midi-Scale Imperial Star Destroyer,Star Wars:Star Wars Episode 4/5/6
8100,Cyclone Defender,Exo-Force
8101,Claw Crusher,Exo-Force
8102,Blade Titan,Exo-Force
8103,Sky Guardian,Exo-Force
8104,Shadow Crawler,Exo-Force
8105,Iron Condor,Exo-Force
8106,Aero Booster,Exo-Force
8107,Fight for the Golden Tower,Exo-Force
8108,Mobile Devastator,Exo-Force
8109,Flatbed Truck,Technic:Model:Traffic
8110,Mercedes-Benz Unimog U 400,Technic:Model:Construction
8111,River Dragon,Exo-Force
8112,Battle Arachnoid,Exo-Force
8113,Assault Tiger,Exo-Force
8114,Chameleon Hunter,Exo-Force
8115,Dark Panther,Exo-Force
8117,Storm Lasher,Exo-Force
8118,Hybrid Rescue Tank,Exo-Force
8119,Thunder Racer,Racers:Tiny Turbos
8120,Rally Sprinter,Racers:Tiny Turbos
8121,Track Marshal,Racers:Tiny Turbos
8122,Desert Viper,Racers:Tiny Turbos
8123,Ferrari F1 Racers,Racers:Ferrari:Tiny Turbos
8124,Ice Rally,Racers:Tiny Turbos
8125,Thunder Raceway,Racers:Tiny Turbos
8126,Desert Challenge,Racers:Tiny Turbos
8128,Cad Bane's Speeder,Star Wars:Star Wars The Clone Wars
8129,AT-AT Walker,Star Wars:Star Wars Episode 4/5/6
8130,Terrain Crusher,Racers:Tiny Turbos
8131,Raceway Rider,Racers:Tiny Turbos
8132,Night Driver,Racers:Tiny Turbos
8133,Rally Runner,Racers:Tiny Turbos
8134,Night Crusher,Racers:Tiny Turbos
8135,Bridge Chase,Racers:Tiny Turbos
8136,Fire Crusher,Racers:Power Racers
8137,Booster Beast,Racers:Power Racers
8138,Phantom Crasher,Racers:Power Racers
8139,Night Blazer,Racers:Power Racers
8140,Tow Trasher,Racers:Power Racers
8141,Off Road Power,Racers:Power Racers
8142,Ferrari 248 F1 1:24 {Vodafone Version},Racers:Ferrari
8143,Ferrari F430 Challenge,Racers:Ferrari
8144,Ferrari 248 F1 Team (Schumacher Edition),Racers:Ferrari
8145,Ferrari 599 GTB Fiorano,Racers:Ferrari
8146,Nitro Muscle,Racers:Power Racers
8147,Bullet Run,Racers:Tiny Turbos
8148,EZ-Roadster,Racers:Tiny Turbos
8149,Midnight Streak,Racers:Tiny Turbos
8150,ZX Turbo,Racers:Tiny Turbos
8151,Adrift Sport,Racers:Tiny Turbos
8152,Speed Chasing,Racers:Tiny Turbos
8153,Ferrari F1 Truck 1:55,Racers:Ferrari
8154,Brick Street Customs,Racers:Tiny Turbos
8155,Ferrari F1 Pit,Racers:Ferrari
8156,Ferrari FXX 1:17,Racers:Ferrari
8157,Ferrari F1 1:9,Racers:Ferrari
8158,Speed Racer & Snake Oiler,Speed Racer
8159,Racer X & Taejo Togokhan,Speed Racer
8160,Cruncher Block & Racer X,Speed Racer
8161,Grand Prix Race,Speed Racer
8162,Race Rig,Racers:Power Racers
8163,Blue Sprinter,Racers:Power Racers
8164,Extreme Wheelie,Racers:Power Racers
8165,Monster Jumper,Racers:Power Racers
8166,Wing Jumper,Racers:Power Racers
8167,Jump Riders,Racers:Power Racers
8168,Ferrari Victory,Racers:Ferrari
8169,Lamborghini Gallardo LP 560-4,Racers:Lamborghini
8182,Monster Crushers,Racers:Tiny Turbos
8183,Track Turbo RC,Racers:Radio Control
8184,Twin X-treme RC,Racers:Radio Control
8185,Ferrari Truck,Racers:Ferrari
8186,Street Extreme,Racers:Tiny Turbos
8188,Fire Blaster,Power Miners
8189,Magma Mech,Power Miners
8190,Claw Catcher,Power Miners
8191,Lavatraz,Power Miners
8192,Lime Racer,Racers:Tiny Turbos
8193,Blue Bullet,Racers:Tiny Turbos
8194,Nitro Muscle,Racers:Tiny Turbos
8195,Turbo Tow,Racers:Tiny Turbos
8196,Chopper Jump,Racers:Tiny Turbos
8197,Highway Chaos,Racers:Tiny Turbos
8198,Ramp Crash,Racers:Tiny Turbos
8199,Security Smash,Racers:Tiny Turbos
8200,Radiator Springs Lightning McQueen,Cars:Cars 2
8201,Classic Mater,Cars:Cars 2
8202,Bungee Chopper,Technic:Competition
8203,Rover Discovery,Technic:Model:Off-Road
8204,Sky Flyer 1,Technic:Model:Airport
8205,Bungee Blaster,Technic:Model:Race
8206,Tokyo Pit Stop,Cars:Cars 2
8207,Dune Duster,Technic:Model:Off-Road
8208,Custom Cruiser,Technic:Model:Riding Cycle
8209,Future F1,Technic:Model:Race
8210,Nitro GTX Bike,Technic:Model:Riding Cycle
8211,Brick Street Getaway,Racers:Tiny Turbos
8213,Spy Runner,Technic:Model:Race
8214,Lamborghini Gallardo LP 560-4 Polizia,Racers:Lamborghini
8215,Gyro Copter,Technic:Model:Airport
8216,Turbo 1,Technic:Model:Race
8217,The Wasp,Technic:Model:Airport
8218,Trike Tourer,Technic:Model:Riding Cycle
8219,Racer,Technic:Model:Race
8221,Storming Enforcer,Racers:Power Racers
8222,VTOL,Technic:Model:Airport
8223,Hydrofoil 7,Technic:Model:Harbor
8225,Road Rally V,Technic:Model:Race
8226,Mud Masher,Technic:Model:Off-Road
8227,Dragon Dueller,Racers:Power Racers
8228,Sting Striker,Racers:Power Racers
8229,Tread Trekker,Technic:Model:Off-Road
8230,Coastal Cop Buggy / Police Buggy / Miami Police Patrol / Miami Beach Patrol,Technic:Model:Off-Road:Police
8231,Vicious Viper,Racers:Power Racers
8232,Chopper Force,Technic:Model:Airport
8233,Blue Thunder Vs. The Stinger,Technic:Competition
8235,Front End Loader,Technic:Model:Construction
8236,Bike Burner,Technic:Speed Slammers
8237,Formula Force,Technic:Speed Slammers
8238,Dueling Dragsters,Technic:Speed Slammers
8239,Cyber Challenge,Technic:Competition
8240,Slammer Stunt Bike,Technic:Speed Slammers
8241,Battle Cars,Technic:Speed Slammers
8242,Slammer Turbo,Technic:Speed Slammers
8244,Convertibles,Technic:Universal Building Set
8245,Robot's Revenge,Technic:Competition
8246,Hydro Racer,Technic:Model:Harbor
8247,Road Rebel,Technic:Model:Race
8248,Forklift,Technic:Model:Construction
8250,Search Sub,Technic:Model:Harbor
8251,Sonic Cycle,Technic:Model:Riding Cycle
8252,Beach Buster,Technic:Model:Off-Road:Police
8253,Fire Helicopter,Technic:Model:Airport:Fire
8255,Rescue Bike,Technic:Model:Riding Cycle
8256,Super Kart,Technic:Model:Race
8257,Cyber Strikers,Technic:Competition
8258,Crane Truck,Technic:Model:Traffic
8259,Mini Bulldozer,Technic:Model:Construction
8260,Tractor,Technic:Model:Construction
8261,Rally Truck,Technic:Model:Off-Road
8262,Quad Bike,Technic:Model:Off-Road
8263,Snow Groomer,Technic:Model:Traffic
8264,Hauler,Technic:Model:Construction
8265,Front Loader,Technic:Model:Construction
8266,Super Challenge,Technic:Competition
8268,Scorpion Attack,Technic:Competition
8269,Cyber Stinger,Technic:Competition
8270,Rough Terrain Crane,Technic:Model:Construction
8271,Wheel Loader,Technic:Model:Construction
8272,Snowmobile,Technic:Model:Off-Road
8273,Off Road Truck,Technic:Model:Traffic
8274,Combine Harvester,Technic:Model:Farm
8275,Motorized Bulldozer,Technic:Model:Construction
8277,Giant Model Set,Technic:Model:Robot
8279,4WD X-Track,Technic:Model:Off-Road
8280,Fire Engine,Technic:Model:Fire
8281,Mini Tractor,Technic:Model:Farm
8282,Quad Bike,Technic:Model:Off-Road
8283,Telehandler (Front End Loader),Technic:Model:Construction
8284,Dune Buggy / Tractor,Technic:Model:Off-Road
8285,Tow Truck,Technic:Model:Traffic
8286,3-In-1 Car,Technic:Model:Traffic
8287,Motor Box,Technic:Supplemental
8288,Crawler Crane,Technic:Model:Construction
8289,Fire Truck,Technic:Model:Fire
8290,Mini Forklift,Technic:Model:Construction
8291,Dirt Bike,Technic:Model:Riding Cycle
8292,Cherry Picker,Technic:Model:Construction
8293,Power Functions Motor Set,Power Functions
8294,Excavator,Technic:Model:Construction
8295,Telescopic Handler,Technic:Model:Construction
8296,Dune Buggy,Technic:Model:Off-Road
8297,Off Roader,Technic:Model:Off-Road
8299,Search Sub,Technic:Model:Harbor
8300,Technic Team,Technic:Supplemental
8301,Urban Enforcer,Racers:Tiny Turbos
8302,Rod Rider,Racers:Tiny Turbos
8303,Demon Destroyer,Racers:Tiny Turbos
8304,Smokin' Slickster,Racers:Tiny Turbos
8305,Duel Bikes,Technic:Competition
8307,Turbo Racer,Technic:Competition
8310,Nick,Galidor
8311,Gorm,Galidor
8312,Jens,Galidor
8313,Nick - Deluxe,Galidor
8314,Gorm - Deluxe,Galidor
8315,TDN Module,Galidor
8316,Kek Powerizer,Galidor
8317,Allegra,Galidor
8318,Ooni,Galidor
8319,Aquart,Galidor
8320,Nepol,Galidor
8321,Nepol & Shimmel,Galidor
8322,Mokarr,Galidor
8324,Euripides,Galidor
8325,Tager,Galidor
8350,Pro-Stunt,Racers:Drome Racers
8353,Slammer Rhino,Racers:Drome Racers
8354,Exo Force Bike,Racers:Drome Racers
8355,H.O.T. Blaster Bike,Racers:Drome Racers
8356,Jungle Monster,Racers:Drome Racers
8357,Zonic Strike,Racers:Drome Racers
8358,Off-Roader,Racers:Drome Racers
8359,Desert Racer,Racers:Drome Racers
8360,Track Racer,Racers:Drome Racers
8362,Ferrari F1 Racer 1:24,Racers:Ferrari
8363,Baja Desert Racers,Racers:Drome Racers
8364,Multi Challenge Race Track,Racers:Track System
8365,Tuneable Racer,Racers:Drome Racers
8366,Supersonic RC,Racers:Radio Control
8369,Dirt Crusher RC (Yellow),Racers:Radio Control
8370,Nitro Stunt Bike,Racers:Drome Racers
8371,Extreme Power Bike,Racers:Drome Racers
8374,Williams F1 Team Racer 1:27,Racers:Williams F1
8375,Ferrari F1 Pit Set,Racers:Ferrari
8376,Hot Flame,Racers:Radio Control
8378,Red Beast RC,Racers:Radio Control
8380,Red Maniac,Racers:Power Racers
8381,Exo Raider,Racers:Power Racers
8382,Hot Buster,Racers:Power Racers
8383,Nitro Terminator,Racers:Power Racers
8384,Jungle Crasher,Racers:Power Racers
8385,Exo Stealth,Racers:Power Racers
8386,Ferrari F1 Racer 1:10,Racers:Ferrari
8389,M. Schumacher & R. Barrichello,Racers:Ferrari
8396,Soldier's Arsenal,Pirates:Pirates II:Imperial Guards
8397,Pirate Survival,Pirates:Pirates II
8398,BBQ Stand,Town:City:Food & Drink
8399,K-9 Bot,Space:Space Police III
8400,Space Speeder,Space:Space Police III
8401,City Minifigure Collection,Town:City:Supplemental
8402,Sports Car,Town:City:Traffic
8403,City House,Town:City:Building
8404,Public Transport,Town:City:Traffic
8408,Desert Ranger,Technic:Model:Off-Road
8409,Spidermonkey,Ben 10
8410,Swampfire,Ben 10
8411,Chromastone,Ben 10
8412,Nighthawk,Technic:Model:Airport
8414,Mountain Rambler,Technic:Model:Off-Road
8415,Dump Truck,Technic:Model:Construction
8416,Forklift,Technic:Model:Construction
8417,Mag Wheel Master,Technic:Model:Riding Cycle
8418,Mini Loader,Technic:Model:Construction
8419,Excavator,Technic:Model:Construction
8420,Street Bike,Technic:Model:Riding Cycle
8421,Mobile Crane,Technic:Model:Construction
8422,Circuit Shock Racer,Technic:Model:Riding Cycle
8423,World Grand Prix Racing Rivalry,Cars:Cars 2
8424,Mater's Spy Zone,Cars:Cars 2
8425,Black Hawk,Technic:Model:Airport
8426,Escape at Sea,Cars:Cars 2
8428,Turbo Command,Technic:Model:Off-Road
8429,Helicopter,Technic:Model:Airport
8430,Motorbike,Technic:Model:Riding Cycle
8431,Pneumatic Crane Truck,Technic:Model:Construction
8432,Supersonic Car,Technic:Model:Off-Road
8433,Cool Movers,Technic:Model:Traffic
8434,Aircraft,Technic:Model:Airport
8435,4WD,Technic:Model:Off-Road
8436,Truck,Technic:Model:Traffic
8437,Future Car,Technic:Model:Off-Road
8438,Pneumatic Crane Truck,Technic:Model:Construction
8439,Front End Loader,Technic:Model:Construction
8440,Formula Flash,Technic:Model:Race
8441,Forklift Truck,Technic:Model:Construction
8443,Pneumatic Log Loader,Technic:Model:Construction
8444,Jet Wasp,Technic:Model:Airport
8445,Indy Storm,Technic:Model:Race
8446,Crane Truck,Technic:Model:Construction
8448,Super Street Sensation,Technic:Model:Traffic
8450,The Mission,Technic:Competition
8451,Dumper,Technic:Model:Construction
8453,Front-End Loader,Technic:Model:Construction
8454,Rescue Truck,Technic:Model:Fire
8455,Back-hoe Loader (Backhoe),Technic:Model:Construction
8456,Fiber Optic Multi Set,Technic:Model:Airport
8457,Power Puller,Technic:Model:Race
8458,Silver Champion,Technic:Model:Race
8459,Pneumatic Front End Loader,Technic:Model:Construction
8460,Pneumatic Crane Truck,Technic:Model:Construction
8461,Williams F1 Team Racer,Racers:Williams F1
8462,Super Tow Truck,Technic:Model:Traffic
8463,Forklift Truck,Technic:Model:Construction
8464,Pneumatic Front End Loader,Technic:Model:Construction
8465,Extreme Off-Roader,Technic:Model:Off-Road
8466,4 X 4 Off-Roader,Technic:Model:Off-Road
8468,Power Crusher,Racers:Drome Racers
8469,Slammer Raptor,Racers:Drome Racers
8470,Slammer G-Force,Racers:Drome Racers
8471,Nitro Burner,Racers:Drome Racers
8472,Street 'n' Mud Racer,Racers:Drome Racers
8473,Nitro Race Team,Racers:Drome Racers
8475,RC Race Buggy,Racers:Radio Control
8479,Barcode Multi-Set,Technic:Model:Traffic
8480,Space Shuttle,Technic:Model:Space Exploration
8482,CyberMaster,Technic:Competition
8483,CyberMaster with Storage Case,Technic:Competition
8484,Ultimate Build Lightning McQueen,Cars:Cars 2
8485,Control Center II,Technic:Universal Building Set
8486,Mack's Team Truck,Cars:Cars 2
8487,Flo's V8 Café {Cafe},Cars:Cars 2
8490,Desert Hopper,Racers:Power Racers
8491,Ram Rod,Racers:Power Racers
8492,Mud Hopper,Racers:Power Racers
8493,Red Ace,Racers:Power Racers
8494,Ring of Fire,Racers:Power Racers
8495,Crosstown Craze,Racers:Tiny Turbos
8496,Desert Hammer,Racers:Power Racers
8500,Torch / Fire,Technic:Throwbot / Slizer
8501,Ski / Ice,Technic:Throwbot / Slizer
8502,Turbo / City,Technic:Throwbot / Slizer
8503,Scuba / Sub,Technic:Throwbot / Slizer
8504,Jet / Judge,Technic:Throwbot / Slizer
8505,Amazon / Jungle,Technic:Throwbot / Slizer
8506,Granite / Rock,Technic:Throwbot / Slizer
8507,Electro / Energy,Technic:Throwbot / Slizer
8508,Supplementary Disks,Technic:Throwbot / Slizer
8509,Swamp,Technic:RoboRiders
8510,Lava,Technic:RoboRiders
8511,Frost,Technic:RoboRiders
8512,Onyx,Technic:RoboRiders
8513,Dust,Technic:RoboRiders
8514,Power,Technic:RoboRiders
8515,RoboRider Wheels,Technic:RoboRiders
8516,The Boss,Technic:RoboRiders
8517,Humungousaur,Ben 10
8518,Jet Ray,Ben 10
8519,Big Chill,Ben 10
8520,Millennia / Millennium,Technic:Throwbot / Slizer
8521,Flare,Technic:Throwbot / Slizer
8522,Spark,Technic:Throwbot / Slizer
8523,Blaster,Technic:Throwbot / Slizer
8525,Kanohi Mask Pack {American Version},BIONICLE:Supplemental
8527,Mindstorms NXT,MINDSTORMS:NXT
8528,Converter Cables for Mindstorms NXT,MINDSTORMS:NXT
8529,Connector Cables for Mindstorms NXT,MINDSTORMS:NXT
8530,Kanohi Mask Pack {International Version} polybag,BIONICLE:Supplemental
8531,Pohatu,BIONICLE:Toa
8532,Onua,BIONICLE:Toa
8533,Gali,BIONICLE:Toa
8534,Tahu,BIONICLE:Toa
8535,Lewa,BIONICLE:Toa
8536,Kopaka,BIONICLE:Toa
8537,Nui-Rama,BIONICLE:Rahi
8538,Muaka & Kane-Ra,BIONICLE:Rahi
8539,Manas,BIONICLE:Rahi
8540,Vakama,BIONICLE:Turaga
8541,Matau,BIONICLE:Turaga
8542,Onewa,BIONICLE:Turaga
8543,Nokama,BIONICLE:Turaga
8544,Nuju,BIONICLE:Turaga
8545,Whenua,BIONICLE:Turaga
8546,Power Pack,BIONICLE:Supplemental
8547,Mindstorms NXT 2.0,MINDSTORMS:NXT
8548,Nui-Jaga,BIONICLE:Rahi
8549,Tarakava,BIONICLE:Rahi
8550,Gahlok Va,BIONICLE:Bohrok Va
8551,Kohrak Va,BIONICLE:Bohrok Va
8552,Lehvak Va,BIONICLE:Bohrok Va
8553,Pahrak Va,BIONICLE:Bohrok Va
8554,Tahnok Va,BIONICLE:Bohrok Va
8555,Nuhvok Va,BIONICLE:Bohrok Va
8556,Boxor,BIONICLE:Titans
8557,Exo-Toa,BIONICLE:Titans
8558,Cahdok & Gahdok,BIONICLE:Titans
8559,Krana Pack {International Version} polybag,BIONICLE:Supplemental
8560,Pahrak,BIONICLE:Bohrok
8561,Nuhvok,BIONICLE:Bohrok
8562,Gahlok,BIONICLE:Bohrok
8563,Tahnok,BIONICLE:Bohrok
8564,Lehvak,BIONICLE:Bohrok
8565,Kohrak,BIONICLE:Bohrok
8566,Onua Nuva,BIONICLE:Toa Nuva
8567,Lewa Nuva,BIONICLE:Toa Nuva
8568,Pohatu Nuva,BIONICLE:Toa Nuva
8569,Krana Pack {American Version},BIONICLE:Supplemental
8570,Gali Nuva,BIONICLE:Toa Nuva
8571,Kopaka Nuva,BIONICLE:Toa Nuva
8572,Tahu Nuva,BIONICLE:Toa Nuva
8573,Nuhvok-Kal,BIONICLE:Bohrok-Kal
8574,Tahnok-Kal,BIONICLE:Bohrok-Kal
8575,Kohrak-Kal,BIONICLE:Bohrok-Kal
8576,Lehvak-Kal,BIONICLE:Bohrok-Kal
8577,Pahrak-Kal,BIONICLE:Bohrok-Kal
8578,Gahlok-Kal,BIONICLE:Bohrok-Kal
8580,Kraata,BIONICLE:Supplemental
8581,Kopeke,BIONICLE:Matoran of Mata Nui
8582,Matoro,BIONICLE:Matoran of Mata Nui
8583,Hahli,BIONICLE:Matoran of Mata Nui
8584,Hewkii,BIONICLE:Matoran of Mata Nui
8585,Hafu,BIONICLE:Matoran of Mata Nui
8586,Macku,BIONICLE:Matoran of Mata Nui
8587,Panrahk,BIONICLE:Rahkshi
8588,Kurahk,BIONICLE:Rahkshi
8589,Lerahk,BIONICLE:Rahkshi
8590,Guurahk,BIONICLE:Rahkshi
8591,Vorahk,BIONICLE:Rahkshi
8592,Turahk,BIONICLE:Rahkshi
8593,Makuta,BIONICLE:Titans
8594,Jaller & Gukko,BIONICLE:Titans
8595,Takua & Pewku,BIONICLE:Titans
8596,Takanuva,BIONICLE:Titans
8597,Kanohi Nuva & Krana Pack {International Version} polybag,BIONICLE:Supplemental
8598,Kanohi Nuva & Krana Pack {American Version},BIONICLE:Supplemental
8599,Krana-Kal Mask Pack {American Version},BIONICLE:Supplemental
8600,Krana-Kal Mask Pack {International Version} polybag,BIONICLE:Supplemental
8601,Toa Vakama,BIONICLE:Toa Metru
8602,Toa Nokama,BIONICLE:Toa Metru
8603,Toa Whenua,BIONICLE:Toa Metru
8604,Toa Onewa,BIONICLE:Toa Metru
8605,Toa Matau,BIONICLE:Toa Metru
8606,Toa Nuju,BIONICLE:Toa Metru
8607,Nuhrii,BIONICLE:Matoran of Metru Nui
8608,Vhisola,BIONICLE:Matoran of Metru Nui
8609,Tehutti,BIONICLE:Matoran of Metru Nui
8610,Ahkmou,BIONICLE:Matoran of Metru Nui
8611,Orkahm,BIONICLE:Matoran of Metru Nui
8612,Ehrye,BIONICLE:Matoran of Metru Nui
8613,Kanoka,BIONICLE:Supplemental
8614,Vahki Nuurakh,BIONICLE:Vahki
8615,Vahki Bordakh,BIONICLE:Vahki
8616,Vahki Vorzakh,BIONICLE:Vahki
8617,Vahki Zadakh,BIONICLE:Vahki
8618,Vahki Rorzakh,BIONICLE:Vahki
8619,Vahki Keerakh,BIONICLE:Vahki
8620,Snow Scooter,Technic:Arctic Technic
8621,Turaga Dume & Nivawk,BIONICLE:Titans
8622,Nidhiki,BIONICLE:Titans
8623,Krekka,BIONICLE:Titans
8624,Race for the Mask of Life,BIONICLE:Playsets
8625,Umbra,BIONICLE:Titans
8626,Irnakk,BIONICLE:Titans
8630,Mission 3: Gold Hunt,Agents
8631,Mission 1: Jetpack Pursuit,Agents
8632,Mission 2: Swamp Raid,Agents
8633,Mission 4: Speedboat Rescue,Agents
8634,Mission 5: Turbocar Chase,Agents
8635,Mission 6: Mobile Command Center,Agents
8636,Mission 7: Deep Sea Quest,Agents
8637,Mission 8: Volcano Base,Agents
8638,Spy Jet Escape,Cars:Cars 2
8639,Big Bentley Bust Out,Cars:Cars 2
8640,Polar Copter,Technic:Arctic Technic
8641,Flame Glider,Racers:Tiny Turbos
8642,Monster Crusher,Racers:Tiny Turbos
8643,Power Cruiser,Racers:Tiny Turbos
8644,Street Maniac,Racers:Tiny Turbos
8645,Muscle Slammer Bike,Racers:Power Racers
8646,Speed Slammer Bike,Racers:Power Racers
8647,Night Racer,Racers:Power Racers
8648,Buzz Saw,Racers:Power Racers
8649,Nitro Menace,Racers:Power Racers
8650,Furious Slammer Racer,Racers:Power Racers
8651,Jumping Giant,Racers:Power Racers
8652,Enzo Ferrari 1:17,Racers:Ferrari
8653,Enzo Ferrari 1:10,Racers:Ferrari
8654,Scuderia Ferrari Truck,Racers:Ferrari
8655,RX-Sprinter,Racers:Tiny Turbos
8656,F6 Truck,Racers:Tiny Turbos
8657,ATR 4,Racers:Tiny Turbos
8658,Big Bling Wheelie,Racers:Tiny Turbos
8660,Arctic Rescue Unit,Technic:Arctic Technic
8661,Carbon Star,Racers:Tiny Turbos
8662,Blue Renegade,Racers:Tiny Turbos
8663,Fat Trax,Racers:Tiny Turbos
8664,Road Hero,Racers:Tiny Turbos
8665,Highway Enforcer,Racers:Tiny Turbos
8666,Tuner X,Racers:Tiny Turbos
8667,Action Wheelie,Racers:Power Racers
8668,Side Rider 55,Racers:Power Racers
8669,Fire Spinner 360,Racers:Power Racers
8670,Jump Master,Racers:Power Racers
8671,Ferrari 430 Spider 1:17,Racers:Ferrari
8672,Ferrari Finish Line,Racers:Ferrari
8673,Ferrari F1 Fuel Stop,Racers:Ferrari
8674,Ferrari F1 Racer 1:8,Racers:Ferrari
8675,Outdoor Challenger,Racers:Radio Control
8676,Sunset Cruiser,Racers:Radio Control
8677,Ultimate Build Mater,Cars:Cars 2
8678,Ultimate Build Francesco,Cars:Cars 2
8679,Tokyo International Circuit,Cars:Cars 2
8680,Arctic Rescue Base,Technic:Arctic Technic
8681,Tuner Garage,Racers:Tiny Turbos
8682,Nitro Intimidator,Racers:Power Racers
8683,"Minifigure, Series 1 (Complete Random Set of 1 Minifigure)",Collectible Minifigures:Series  1 Minifigures
8684,"Minifigure, Series 2 (Complete Random Set of 1 Minifigure)",Collectible Minifigures:Series  2 Minifigures
8685,Toa Kopaka,BIONICLE:Phantoka
8686,Toa Lewa,BIONICLE:Phantoka
8687,Toa Pohatu,BIONICLE:Phantoka
8688,Toa Gali,BIONICLE:Mistika
8689,Toa Tahu,BIONICLE:Mistika
8690,Toa Onua,BIONICLE:Mistika
8691,Antroz,BIONICLE:Phantoka
8692,Vamprah,BIONICLE:Phantoka
8693,Chirox,BIONICLE:Phantoka
8694,Krika,BIONICLE:Mistika
8695,Gorast,BIONICLE:Mistika
8696,Bitil,BIONICLE:Mistika
8697,Toa Ignika,BIONICLE:Warriors
8698,Vultraz,BIONICLE:Warriors
8699,Takanuva,BIONICLE:Warriors
8700,Expert Builder Power Pack,Technic:Expert Builder
8701,King Jayko,Castle:Knights Kingdom II
8702,Lord Vladek,Castle:Knights Kingdom II
8703,Sir Kentis,Castle:Knights Kingdom II
8704,Sir Adric,Castle:Knights Kingdom II
8705,Dracus,Castle:Knights Kingdom II
8706,Karzon,Castle:Knights Kingdom II
8707,Boulder Blaster,Power Miners
8708,Cave Crusher,Power Miners
8709,Underground Mining Station,Power Miners
8710,Expert Builder Parts Pack,Technic:Expert Builder
8711,Master Accessory Kit 702 Pieces,BIONICLE:Supplemental
8712,Technic Figures,Technic:Supplemental
8713,Limited Edition 500 Pieces,BIONICLE:Supplemental
8714,The LEGO TECHNIC Team,Technic:Supplemental
8715,Ultimate Creatures Accessory Set - with Extra Set 8587 (Panrahk),BIONICLE:Supplemental
8719,Zamor Spheres,BIONICLE:Supplemental
8720,Motor Set 9 V,Technic:Supplemental
8721,Velika,BIONICLE:Matoran of Voya Nui
8722,Kazi,BIONICLE:Matoran of Voya Nui
8723,Piruk,BIONICLE:Matoran of Voya Nui
8724,Garan,BIONICLE:Matoran of Voya Nui
8725,Balta,BIONICLE:Matoran of Voya Nui
8726,Dalu,BIONICLE:Matoran of Voya Nui
8727,Toa Jaller,BIONICLE:Toa Inika
8728,Toa Hahli,BIONICLE:Toa Inika
8729,Toa Nuparu,BIONICLE:Toa Inika
8730,Toa Hewkii,BIONICLE:Toa Inika
8731,Toa Kongu,BIONICLE:Toa Inika
8732,Toa Matoro,BIONICLE:Toa Inika
8733,Axonn,BIONICLE:Titans
8734,Brutaka,BIONICLE:Titans
8735,Motor Set 9 V,Technic:Supplemental
8736,Toa Hordika Vakama,BIONICLE:Toa Hordika
8737,Toa Hordika Nokama,BIONICLE:Toa Hordika
8738,Toa Hordika Whenua,BIONICLE:Toa Hordika
8739,Toa Hordika Onewa,BIONICLE:Toa Hordika
8740,Toa Hordika Matau,BIONICLE:Toa Hordika
8741,Toa Hordika Nuju,BIONICLE:Toa Hordika
8742,Visorak Vohtarak,BIONICLE:Visorak
8743,Visorak Boggarak,BIONICLE:Visorak
8744,Visorak Oohnorak,BIONICLE:Visorak
8745,Visorak Roporak,BIONICLE:Visorak
8746,Visorak Keelerak,BIONICLE:Visorak
8747,Visorak Suukorak,BIONICLE:Visorak
8748,Rhotuka Spinners,BIONICLE:Supplemental
8755,Keetongu,BIONICLE:Titans
8756,Sidorak,BIONICLE:Titans
8757,Visorak Battle Ram,BIONICLE:Playsets
8758,Tower of Toa,BIONICLE:Playsets
8759,Battle of Metru Nui,BIONICLE:Playsets
8761,Roodaka,BIONICLE:Titans
8762,Toa Iruini,BIONICLE:Toa Hagah
8763,Toa Norik,BIONICLE:Toa Hagah
8764,Vezon & Fenrakk,BIONICLE:Titans
8769,Visorak's Gate,BIONICLE:Playsets
8770,Danju (European version without Cards),Castle:Knights Kingdom II
8771,Jayko (European version without Cards),Castle:Knights Kingdom II
8772,Rascus (European version without Cards),Castle:Knights Kingdom II
8773,Santis (European version without Cards),Castle:Knights Kingdom II
8774,Vladek (European version without Cards),Castle:Knights Kingdom II
8777,Vladek Encounter,Castle:Knights Kingdom II
8778,Border Ambush,Castle:Knights Kingdom II
8779,The Grand Tournament,Castle:Knights Kingdom II
8780,Citadel of Orlan,Castle:Knights Kingdom II
8781,Castle of Morcia,Castle:Knights Kingdom II
8782,Danju (USA version with 3 Cards),Castle:Knights Kingdom II
8783,Jayko (USA version with 3 Cards),Castle:Knights Kingdom II
8784,Rascus (USA version with 3 Cards),Castle:Knights Kingdom II
8785,Santis (USA version with 3 Cards),Castle:Knights Kingdom II
8786,Vladek (USA version with 3 Cards),Castle:Knights Kingdom II
8790,"King Mathias (Series 1) Limited Edition with Map and Cape, European",Castle:Knights Kingdom II
8791,Sir Danju,Castle:Knights Kingdom II
8792,Sir Jayko,Castle:Knights Kingdom II
8793,Sir Rascus,Castle:Knights Kingdom II
8794,Sir Santis,Castle:Knights Kingdom II
8795,Lord Vladek,Castle:Knights Kingdom II
8796,King Mathias (Series 2),Castle:Knights Kingdom II
8799,Knights' Castle Wall,Castle:Knights Kingdom II
8800,Vladek's Siege Engine,Castle:Knights Kingdom II
8801,Knights' Attack Barge,Castle:Knights Kingdom II
8802,Dark Fortress Landing,Castle:Knights Kingdom II
8803,"Minifigure, Series 3 (Complete Random Set of 1 Minifigure)",Collectible Minifigures:Series  3 Minifigures
8804,"Minifigure, Series 4 (Complete Random Set of 1 Minifigure)",Collectible Minifigures:Series  4 Minifigures
8805,"Minifigure, Series 5 (Complete Random Set of 1 Minifigure)",Collectible Minifigures:Series  5 Minifigures
8808,Formula One Racer,Technic:Model:Race
8809,"King Mathias (Series 1) Limited Edition with Map and Cape, US",Castle:Knights Kingdom II
8810,Cafe Racer,Technic:Model:Riding Cycle
8811,Toa Lhikan & Kikanalo,BIONICLE:Titans
8812,Aero Hawk II,Technic:Model:Airport
8813,Battle at the Pass,Castle:Knights Kingdom II
8815,Speedway Bandit,Technic:Model:Race
8816,Off-Road Rambler,Technic:Model:Off-Road
8818,Baja Blaster /  Desert Racer,Technic:Model:Off-Road
8820,Mountain Rambler,Technic:Model:Off-Road
8821,Rogue Knight Battleship,Castle:Knights Kingdom II
8822,Gargoyle Bridge,Castle:Knights Kingdom II
8823,Mistlands Tower,Castle:Knights Kingdom II
8824,Hovercraft,Technic:Model:Harbor
8825,Night Chopper,Technic:Model:Airport
8826,ATX Sport Cycle,Technic:Model:Off-Road
8827,"Minifigure, Series 6 (Complete Random Set of 1 Minifigure)",Collectible Minifigures:Series  6 Minifigures
8828,Front End Loader,Technic:Model:Construction
8829,Dune Blaster,Technic:Model:Off-Road
8830,Rally 6-Wheeler (Moon Buggy),Technic:Model:Race
8831,"Minifigure, Series 7 (Complete Random Set of 1 Minifigure)",Collectible Minifigures:Series  7 Minifigures
8832,Roadster,Technic:Model:Race
8833,"Minifigure, Series 8 (Complete Random Set of 1 Minifigure)",Collectible Minifigures:Series  8 Minifigures
8835,Forklift,Technic:Model:Construction
8836,Sky Ranger,Technic:Model:Airport
8837,Pneumatic Excavator,Technic:Model:Construction
8838,Shock Cycle,Technic:Model:Riding Cycle
8839,Supply Ship,Technic:Model:Harbor
8840,Rally Shock n' Roll Racer,Technic:Model:Race
8841,Dune Buggy / Desert Racer,Technic:Model:Off-Road
8842,Go-Kart,Technic:Model:Race
8843,Fork-Lift Truck,Technic:Model:Construction
8844,Helicopter,Technic:Expert Builder
8845,Dune Buggy,Technic:Expert Builder
8846,Tow Truck,Technic:Expert Builder
8847,Dragster,Technic:Expert Builder
8848,Power Truck,Technic:Expert Builder
8849,Tractor,Technic:Model:Farm
8850,Rally Support Truck,Technic:Model:Race
8851,Excavator,Technic:Model:Construction
8852,Robot,Technic:Model:Robot
8853,Excavator,Technic:Model:Construction
8854,Power Crane,Technic:Model:Construction
8855,Prop Plane,Technic:Model:Airport
8856,Whirlwind Rescue,Technic:Model:Airport
8857,Street Chopper,Technic:Model:Riding Cycle
8858,Rebel Wrecker,Technic:Model:Off-Road
8859,Tractor,Technic:Expert Builder
8860,Car Chassis (Auto Chassis),Technic:Expert Builder
8862,Backhoe,Technic:Model:Construction
8863,Blizzard's Peak,World Racers
8864,Desert of Destruction,World Racers
8865,Test Car,Technic:Model:Traffic
8866,Train Motor (RC),Train:Supplemental:RC Train
8867,Flexible Train Track,Train:Supplemental:RC Train
8868,Air Tech Claw Rig,Technic:Model:Construction
8869,Power Functions Control Switch,Power Functions
8870,Power Functions Light,Power Functions
8871,Power Functions Extension Wire (50cm),Power Functions
8872,Forklift Transporter,Technic:Model:Construction
8873,Fireball Catapult,Castle:Knights Kingdom II
8874,Battle Wagon,Castle:Knights Kingdom II
8875,King's Siege Tower,Castle:Knights Kingdom II
8876,Scorpion Prison Cave,Castle:Knights Kingdom II
8877,Vladek's Dark Fortress,Castle:Knights Kingdom II
8878,Power Functions Rechargeable Battery Box,Power Functions
8879,Power Functions IR Speed Remote Control,Power Functions
8880,Super Car,Technic:Model:Traffic
8881,Power Functions Battery Box,Power Functions
8882,Power Functions XL-Motor,Power Functions
8883,Power Functions M-Motor,Power Functions
8884,Power Functions IR Receiver,Power Functions
8885,Power Functions IR Remote Control,Power Functions
8886,Power Functions Extension Wire (20cm),Power Functions
8887,Power Functions Transformer 10VDC,Power Functions
8892,Piraka Outpost,BIONICLE:Playsets
8893,Lava Chamber Gate,BIONICLE:Playsets
8894,Piraka Stronghold,BIONICLE:Playsets
8896,Snake Canyon,World Racers
8897,Jagged Jaws Reef,World Racers
8898,Wreckage Road,World Racers
8899,Gator Swamp,World Racers
8900,Reidak,BIONICLE:Piraka
8901,Hakann,BIONICLE:Piraka
8902,Vezok,BIONICLE:Piraka
8903,Zaktan,BIONICLE:Piraka
8904,Avak,BIONICLE:Piraka
8905,Thok,BIONICLE:Piraka
8907,Rock Hacker polybag,Power Miners
8908,Monster Launcher polybag,Power Miners
8909,"Minifigure, Team GB (Complete Random Set of 1 Minifigure)",Collectible Minifigures:Team GB
8910,Toa Kongu,BIONICLE:Toa Mahri
8911,Toa Jaller,BIONICLE:Toa Mahri
8912,Toa Hewkii,BIONICLE:Toa Mahri
8913,Toa Nuparu,BIONICLE:Toa Mahri
8914,Toa Hahli,BIONICLE:Toa Mahri
8915,Toa Matoro,BIONICLE:Toa Mahri
8916,Takadox,BIONICLE:Barraki
8917,Kalmah,BIONICLE:Barraki
8918,Carapar,BIONICLE:Barraki
8919,Mantax,BIONICLE:Barraki
8920,Ehlek,BIONICLE:Barraki
8921,Pridak,BIONICLE:Barraki
8922,Gadunka,BIONICLE:Warriors
8923,Hydraxon,BIONICLE:Warriors
8924,Maxilos & Spinax,BIONICLE:Warriors
8925,Barraki Deepsea Patrol,BIONICLE:Playsets
8926,Toa Undersea Attack,BIONICLE:Playsets
8927,Toa Terrain Crawler,BIONICLE:Playsets
8929,Defilak,BIONICLE:Matoran of Mahri Nui
8930,Dekar,BIONICLE:Matoran of Mahri Nui
8931,Thulox,BIONICLE:Matoran of Mahri Nui
8932,Morak,BIONICLE:Matoran of Mahri Nui
8934,Squid Ammo,BIONICLE:Supplemental
8935,Nocturn,BIONICLE:Warriors
8939,Lesovikk,BIONICLE:Warriors
8940,Karzahni,BIONICLE:Warriors
8941,Rockoh T3,BIONICLE:Battle Vehicles
8942,Jetrax T6,BIONICLE:Battle Vehicles
8943,Axalara T9,BIONICLE:Battle Vehicles
8944,Tanma,BIONICLE:Matoran of Light
8945,Solek,BIONICLE:Matoran of Light
8946,Photok,BIONICLE:Matoran of Light
8947,Radiak,BIONICLE:Matoran of Light
8948,Gavla,BIONICLE:Matoran of Light
8949,Kirop,BIONICLE:Matoran of Light
8952,Mutran & Vican,BIONICLE:Warriors
8953,Makuta Icarax,BIONICLE:Warriors
8954,Mazeka,BIONICLE:Warriors
8956,Stone Chopper,Power Miners
8957,Mine Mech,Power Miners
8958,Granite Grinder,Power Miners
8959,Claw Digger,Power Miners
8960,Thunder Driller,Power Miners
8961,Crystal Sweeper,Power Miners
8962,Crystal King,Power Miners
8963,Rock Wrecker,Power Miners
8964,Titanium Command Rig,Power Miners
8967,Gold Tooth's Getaway,Agents
8968,River Heist,Agents
8969,4-Wheeling Pursuit,Agents
8970,Robo Attack,Agents
8971,Aerial Defense Unit,Agents
8972,Atakus,BIONICLE:Agori
8973,Raanu,BIONICLE:Agori
8974,Tarduk,BIONICLE:Agori
8975,Berix,BIONICLE:Agori
8976,Metus,BIONICLE:Agori
8977,Zesk,BIONICLE:Agori
8978,Skrall,BIONICLE:Glatorian
8979,Malum,BIONICLE:Glatorian
8980,Gresh,BIONICLE:Glatorian
8981,Tarix,BIONICLE:Glatorian
8982,Strakk,BIONICLE:Glatorian
8983,Vorox,BIONICLE:Glatorian
8984,Stronius,BIONICLE:Glatorian Legends
8985,Ackar,BIONICLE:Glatorian Legends
8986,Vastus,BIONICLE:Glatorian Legends
8987,Kiina,BIONICLE:Glatorian Legends
8988,Gelu,BIONICLE:Glatorian Legends
8989,Mata Nui,BIONICLE:Glatorian Legends
8990,Fero & Skirmix,BIONICLE:Warriors
8991,Tuma,BIONICLE:Warriors
8992,Cendox V1,BIONICLE:Battle Vehicles
8993,Kaxium V3,BIONICLE:Battle Vehicles
8994,Baranus V7,BIONICLE:Battle Vehicles
8995,Thornatus V9,BIONICLE:Battle Vehicles
8996,Skopio XV-1,BIONICLE:Battle Vehicles
8998,Toa Mata Nui,BIONICLE:Warriors
9001,Bonus Stack 'n' Learn,Educational & Dacta:Primo
9002,Rattles,Educational & Dacta:DUPLO:Rattles
9003,Large Stack 'n' Learn Set (Vehicles),Educational & Dacta:Primo
9004,Activity Playthings,Educational & Dacta:DUPLO:Rattles
9005,Stack 'n' Learn Building Blocks,Educational & Dacta:Primo
9006,Play and Build Center,Educational & Dacta:DUPLO:Rattles
9007,Stack 'n' Learn Large Set,Educational & Dacta:Primo
9008,Baby Set,Educational & Dacta:DUPLO:Rattles
9009,Stack 'n' Learn Giant Set,Educational & Dacta:Primo
9010,Deluxe Stack 'n' Learn Set,Educational & Dacta:Primo
9012,Large Stack 'n' Learn Set,Educational & Dacta:Primo
9013,Infant Activity Set,Educational & Dacta:Primo
9017,Baby Discovery Set,Educational & Dacta:Explore:Explore Being Me
9018,Stack 'n' Learn Supply Set,Educational & Dacta:Primo
9019,Explore Baby Stack 'n' Learn Set,Educational & Dacta:Primo
9020,Soft Starter Set,Educational & Dacta:Soft Bricks
9021,Medium set of Soft Bricks,Educational & Dacta:Soft Bricks
9022,Extra Soft Bricks,Educational & Dacta:Soft Bricks
9023,Soft Brick Activity Set,Educational & Dacta:Soft Bricks
9024,Soft Imagination Set,Educational & Dacta:Soft Bricks
9026,Baby Stack 'n' Play Set,Educational & Dacta:Primo
9027,DUPLO Large Bulk Brick Set,Educational & Dacta:DUPLO:Basic Set
9030,Animates,Educational & Dacta:Explore:Explore Imagination:DUPLO:Basic Set
9031,Vehicles,Educational & Dacta:Explore:Explore Together
9040,Learning Games Set,Educational & Dacta:DUPLO
9050,Duplo Basic Set Large,Educational & Dacta:DUPLO:Basic Set
9051,Large DUPLO Basic Set Giant,Educational & Dacta:DUPLO:Basic Set
9052,Duplo Basic Set Figures,Educational & Dacta:DUPLO:Basic Set
9053,Duplo Basic Set Vehicles - 70 el.,Educational & Dacta:DUPLO:Basic Set
9054,Duplo Basic Trains,Educational & Dacta:DUPLO:Basic Set
9055,DUPLO Basic Set - Animals,Educational & Dacta:DUPLO:Basic Set
9056,Extra Duplo Bricks,Educational & Dacta:DUPLO:Basic Set
9057,Duplo Basic Set - 2 pullback motors,Educational & Dacta:DUPLO:Supplemental
9058,Large Duplo Building Plates,Educational & Dacta:DUPLO:Supplemental
9059,Duplo Theme Building Plates,Educational & Dacta:DUPLO:Supplemental
9060,Small Duplo Building Plates,Educational & Dacta:DUPLO:Supplemental
9061,Duplo Basic Green Bucket - 66 elements,Educational & Dacta:DUPLO:Basic Set
9062,Duplo Basic Bucket,Educational & Dacta:DUPLO:Basic Set
9063,Basic Circus,Educational & Dacta:DUPLO:Basic Set
9064,Basic Town,Educational & Dacta:DUPLO:Basic Set
9067,Basic Brick Runner,Educational & Dacta:DUPLO:Basic Set
9070,Super Value DUPLO Pack,Educational & Dacta:DUPLO
9071,Duplo Building Plates,Educational & Dacta:DUPLO:Supplemental
9075,Music Builder,Educational & Dacta:Explore:Explore Imagination
9076,Tubes Experiment Set with Storage,Educational & Dacta:DUPLO:Basic Set
9077,Brick Runner Set,Educational & Dacta:DUPLO:Basic Set
9078,Duplo Special Elements Set,Educational & Dacta:DUPLO:Basic Set
9079,Duplo Small Building Plates Set,Educational & Dacta:DUPLO:Supplemental
9080,Giant Duplo Basic Set,Educational & Dacta:DUPLO:Basic Set
9081,Large Duplo Basic Set,Educational & Dacta:DUPLO:Basic Set
9082,Duplo Basic Vehicles Set,Educational & Dacta:DUPLO:Basic Set
9083,Basic Discovery Set (Tubes),Educational & Dacta:DUPLO:Basic Set
9084,More Lego Duplo Bricks,Educational & Dacta:DUPLO:Basic Set
9087,Tubes,Educational & Dacta:DUPLO:Basic Set
9088,Extra Large Bulk Set with Special Elements,Educational & Dacta:DUPLO:Basic Set
9089,Tubes Experiment Set,Educational & Dacta:DUPLO:Basic Set
9092,Crazy Demon,Racers
9093,Bone Cruncher,Racers
9094,Star Striker,Racers
9095,Nitro Predator,Racers
9101,Large Duplo Toolo Set,Educational & Dacta:DUPLO:Toolo
9102,Small Duplo Toolo Set,Educational & Dacta:DUPLO:Toolo
9103,Medium First Tools for Technology Set,Educational & Dacta:DUPLO:Toolo
9104,Giant First Tools for Technology,Educational & Dacta:DUPLO:Toolo
9105,Large First Tools for Technology Set,Educational & Dacta:DUPLO:Toolo
9106,Duplo Toolo Medium Set,Educational & Dacta:DUPLO:Toolo
9107,Small First Tools for Technology,Educational & Dacta:DUPLO:Toolo
9119,Bob the Builder Set,Educational & Dacta:DUPLO:Bob The Builder
9120,Light and Sound,Educational & Dacta:DUPLO:Supplemental
9121,Giant Airport,Educational & Dacta:DUPLO:Toolo
9122,Vehicles,Educational & Dacta:DUPLO:Toolo
9123,Supplementary Set,Educational & Dacta:DUPLO:Toolo
9124,Transportation Set,"Educational & Dacta:DUPLO:DUPLO, Town:Traffic"
9125,Intelligent Train Set,"Educational & Dacta:DUPLO:DUPLO, Train"
9126,Dolls Medium Set,Educational & Dacta:DUPLO:Dolls
9127,Dolls Large Set,Educational & Dacta:DUPLO:Dolls
9128,Duplo Big Wheelers,"Educational & Dacta:DUPLO:DUPLO, Town:Construction"
9129,Little Forest Friends,Educational & Dacta:DUPLO:Little Forest Friends
9130,Around-The-House Set (New House),Educational & Dacta:Explore:Explore Together:DUPLO:Playhouse
9131,Theatre Set {Theater},Educational & Dacta:Explore:Explore Imagination:DUPLO:Playhouse
9132,Community Transport Set,"Educational & Dacta:DUPLO:DUPLO, Town:Traffic"
9133,Farm,"Educational & Dacta:DUPLO:DUPLO, Town:Farm"
9134,Life on the Farm,"Educational & Dacta:Explore:Explore Logic:DUPLO:DUPLO, Town:Farm"
9137,Farm Animals,"Educational & Dacta:DUPLO:DUPLO, Town:Farm"
9139,Duplo Push Train,"Educational & Dacta:DUPLO:DUPLO, Train"
9146,Duplo Rails & Switches,"Educational & Dacta:DUPLO:DUPLO, Train"
9148,Duplo Home,Educational & Dacta:DUPLO:Playhouse
9149,Duplo Pony Stables,"Educational & Dacta:DUPLO:DUPLO, Town:Farm"
9150,Duplo Furniture - 74 el.,Educational & Dacta:DUPLO:Playhouse
9151,Duplo Family,Educational & Dacta:DUPLO:Supplemental
9152,Duplo House -123 elements,Educational & Dacta:DUPLO:Playhouse
9153,Duplo Train,"Educational & Dacta:DUPLO:DUPLO, Train"
9154,DUPLO Bridge and Rails,"Educational & Dacta:DUPLO:DUPLO, Train"
9155,Circus,Educational & Dacta:DUPLO
9156,DUPLO Airport,"Educational & Dacta:DUPLO:DUPLO, Town:Airport"
9157,Duplo Job Vehicles with Workers,"Educational & Dacta:DUPLO:DUPLO, Town:Traffic"
9158,Duplo Figures,Educational & Dacta:DUPLO:Supplemental
9159,Duplo Figures International,Educational & Dacta:DUPLO:Supplemental
9160,"Duplo Safari Park - 92 elements, 6 act. cards","Educational & Dacta:DUPLO:DUPLO, Town:Zoo"
9161,"Duplo Train - 70 el, 4 act. crds","Educational & Dacta:DUPLO:DUPLO, Train"
9162,Duplo Ships,"Educational & Dacta:DUPLO:DUPLO, Town:Harbor"
9163,Duplo Airport - 47 el. 4 act. cards (3 aircraft),"Educational & Dacta:DUPLO:DUPLO, Town:Airport"
9164,Duplo Animals for Safari Park - 11 animals for set 9160,"Educational & Dacta:DUPLO:DUPLO, Town:Zoo"
9165,Duplo Vehicles - 26 elements,"Educational & Dacta:DUPLO:DUPLO, Town:Traffic"
9166,Duplo Battery Train - 65 elements in solid storage bin,"Educational & Dacta:DUPLO:DUPLO, Train"
9167,Duplo Supermarket,"Educational & Dacta:DUPLO:DUPLO, Town"
9168,Large Duplo House,Educational & Dacta:DUPLO:Playhouse
9169,Medium Duplo House (Condominium),Educational & Dacta:DUPLO:Playhouse
9170,Community Workers / Community People / Family Workers,Educational & Dacta:DUPLO:Supplemental
9171,Duplo World People,Educational & Dacta:DUPLO:Supplemental
9173,Duplo Farm,"Educational & Dacta:DUPLO:DUPLO, Town:Farm"
9174,Duplo Farm Animals,"Educational & Dacta:DUPLO:DUPLO, Town:Farm"
9175,DUPLO Push Train,"Educational & Dacta:DUPLO:DUPLO, Train"
9176,DUPLO Train Track Package,"Educational & Dacta:DUPLO:DUPLO, Train"
9177,Duplo Community Vehicles,"Educational & Dacta:DUPLO:DUPLO, Town:Traffic"
9178,Duplo Vehicles - Transportation,"Educational & Dacta:DUPLO:DUPLO, Town:Traffic"
9179,Transportation Set,"Educational & Dacta:DUPLO:DUPLO, Town:Traffic"
9180,Duplo Medical Center,"Educational & Dacta:DUPLO:DUPLO, Town:Hospital"
9181,Duplo Fire and Rescue,"Educational & Dacta:DUPLO:DUPLO, Town:Fire"
9185,Cowboys,Educational & Dacta:DUPLO:Western:Cowboys
9186,Indians,Educational & Dacta:DUPLO:Western:Indians
9187,Duplo Police Station,"Educational & Dacta:DUPLO:DUPLO, Town:Police"
9189,Animal and Fun Park,"Educational & Dacta:DUPLO:DUPLO, Town:Zoo"
9190,DUPLO Zoo,"Educational & Dacta:DUPLO:DUPLO, Town:Zoo"
9191,DUPLO Animal Water Park,"Educational & Dacta:DUPLO:DUPLO, Town:Zoo"
9192,DUPLO Zoo Babies (Zoo Animals),"Educational & Dacta:DUPLO:DUPLO, Town:Zoo"
9194,Giant Duplo Dinosaur Set,Educational & Dacta:DUPLO:Dino
9195,Large Duplo Dinosaur Set,Educational & Dacta:DUPLO:Dino
9196,Duplo Dinosaur Families,Educational & Dacta:DUPLO:Dino
9197,Super Value DUPLO Rescue Pack,Educational & Dacta:DUPLO
9198,Bonus DUPLO Home,Educational & Dacta:DUPLO
9200,Duplo Toolo (Action Wheelers) Large Set,Educational & Dacta:DUPLO:Action Wheelers
9201,Duplo Toolo (Action Wheelers) Medium Set,Educational & Dacta:DUPLO:Action Wheelers
9202,Duplo Toolo Expansion Set,Educational & Dacta:DUPLO:Toolo
9206,Tech Machines Set,Educational & Dacta:DUPLO:Toolo
9207,Duplo Community Vehicles,"Educational & Dacta:DUPLO:DUPLO, Town:Traffic"
9209,Community Services Set,"Educational & Dacta:DUPLO:DUPLO, Town"
9210,Duplo Wild Animals,"Educational & Dacta:DUPLO:DUPLO, Town:Zoo"
9211,Community Transport,"Educational & Dacta:DUPLO:DUPLO, Town:Traffic"
9212,Push Train Set,"Educational & Dacta:DUPLO:DUPLO, Train"
9213,Dinosaurs {2007 Version},Educational & Dacta:DUPLO:Dino
9214,Wild Animals,"Educational & Dacta:DUPLO:DUPLO, Town:Zoo"
9217,Farm Set,Educational & Dacta:DUPLO:Farm
9218,Wild Animals Set,"Educational & Dacta:DUPLO:DUPLO, Town:Zoo"
9220,Duplo Farm Scene Mosaics,Educational & Dacta:DUPLO:Mosaic
9221,Mosaic Puzzles - Town,Educational & Dacta:DUPLO:Mosaic
9222,Duplo World People,Educational & Dacta:DUPLO:Supplemental
9224,Community People,Educational & Dacta:DUPLO:Supplemental
9225,Playhouse,Educational & Dacta:DUPLO:Playhouse
9226,Hospital,"Educational & Dacta:DUPLO:DUPLO, Town:Hospital"
9227,Farm,"Educational & Dacta:DUPLO:DUPLO, Town:Farm"
9228,Farm Animals,"Educational & Dacta:DUPLO:DUPLO, Town:Farm"
9229,Police Station,"Educational & Dacta:DUPLO:DUPLO, Town:Police"
9230,DUPLO Town Set,Educational & Dacta:DUPLO:Basic Set
9231,Playhouse Set,Educational & Dacta:DUPLO:Playhouse
9232,Hospital,"Educational & Dacta:DUPLO:DUPLO, Town:Hospital"
9233,Farm,"Educational & Dacta:DUPLO:DUPLO, Town:Farm"
9234,Dolls Family Set,Educational & Dacta:DUPLO:Dolls
9236,Garden Set,"Educational & Dacta:DUPLO:DUPLO, Town:Recreation"
9237,Garage,"Educational & Dacta:DUPLO:DUPLO, Town:Traffic"
9238,Farm Animals,"Educational & Dacta:DUPLO:DUPLO, Town:Farm"
9239,Stable Set,"Educational & Dacta:DUPLO:DUPLO, Town:Farm"
9240,Fire Station (Fire Rescue Services Set),"Educational & Dacta:DUPLO:DUPLO, Town:Fire"
9241,Wheels Set,Educational & Dacta:Supplemental
9243,"Doors, Windows, and Roof Tiles",Educational & Dacta:Supplemental
9247,Community Workers {2005 Version},Educational & Dacta:Town
9248,Bonus Lego Basic Town,Educational & Dacta:Universal Building Set
9250,Basic Zoo,Educational & Dacta:Universal Building Set
9251,Basic Just Bricks,Educational & Dacta:Supplemental
9252,Large LEGO Basic Set {1994 Version},Educational & Dacta:Universal Building Set
9253,Basic Farm,Educational & Dacta:Universal Building Set
9254,Basic Bricks,Educational & Dacta:Universal Building Set
9255,Small Basic Set,Educational & Dacta:Universal Building Set
9256,Small Basic Set,Educational & Dacta:Supplemental
9257,Pullback Motor,Educational & Dacta:Supplemental
9261,Sloped Bricks (Roof Tiles),Educational & Dacta:Supplemental
9262,Extra Basic Bricks,Educational & Dacta:Supplemental
9264,Large Basic (Building) Plates,Educational & Dacta:Supplemental
9265,Roof Tiles,Educational & Dacta:Supplemental
9266,Small Building Plates,Educational & Dacta:Supplemental
9267,Doors and Windows,Educational & Dacta:Supplemental
9269,Wheels,Educational & Dacta:Supplemental
9272,Vehicle Set,Educational & Dacta:Universal Building Set
9274,Doors and Windows,Educational & Dacta:Supplemental
9276,Basic Bricks,Educational & Dacta:Supplemental
9277,Basic Figures and Animals,Educational & Dacta:Universal Building Set
9278,Basic Bucket,Educational & Dacta:FreeStyle
9279,Small Lego System Baseplates,Educational & Dacta:Supplemental
9280,Giant Lego Dacta Basic Set,Educational & Dacta:Universal Building Set
9286,Large Lego Baseplates (Large Building Plates),Educational & Dacta:Supplemental
9287,Bonus Lego Basic Town,Educational & Dacta:Universal Building Set
9288,Basic Airport,Educational & Dacta:Universal Building Set
9289,Basic Harbor,Educational & Dacta:Universal Building Set
9290,Thematic Builder Set,Educational & Dacta:Universal Building Set
9293,Community Workers,Educational & Dacta:Town
9299,Super Value LEGO Basic Pack,Educational & Dacta:Universal Building Set
9300,Dacta Space Port Set,Educational & Dacta:Town:Space Port
9301,Road Signs,Educational & Dacta:Town
9302,Creator Community Builders,Educational & Dacta:Creator
9303,Creator Community Builders (Creator Airport),Educational & Dacta:Creator
9304,Fun Park,Educational & Dacta:Creator
9305,Rescue Transportation Set,Educational & Dacta:4 Juniors:Jack Stone
9306,Creator Bulk,Educational & Dacta:Creator
9310,Dinosaurs Set,Educational & Dacta:Dinosaurs
9311,City Buildings Set,Educational & Dacta:Town
9314,Rescue Service Set,Educational & Dacta:Town
9320,Voyage into Space (Journey Into Space Set),Educational & Dacta:Space
9321,Transportation Set,Educational & Dacta:Town
9322,Town Developers Set,Educational & Dacta:Town
9324,Micro Building Set,Educational & Dacta:Town
9331,BuildToExpress Set,Educational & Dacta
9332,BuildToExpress Supplemental Kit,Educational & Dacta
9333,Vehicles Set,Educational & Dacta:Town
9334,Animals,Educational & Dacta
9335,Space & Airport Set,Educational & Dacta:Town
9337,Harbor Set,Educational & Dacta:Town
9338,Serious Play Mini Kit polybag,Educational & Dacta:SERIOUS PLAY
9348,Community Minifigure Set,Educational & Dacta:Town
9349,Fairytale & Historic Minifigure Set,Educational & Dacta
9353,Large Theme Set,Educational & Dacta:Town
9354,Town Street Theme,Educational & Dacta:Town
9355,Dacta Space Theme Set,Educational & Dacta:Space:Futuron
9356,Town Environment,Educational & Dacta:Town
9360,{Roadplates and Scenery},Educational & Dacta:Town
9361,Community People,Educational & Dacta:Town
9362,Road Plates,Educational & Dacta:Town
9363,Sheriff's Lock-Up & Gold City Junction,Educational & Dacta:Western
9364,Hospital,Educational & Dacta:Town:Hospital
9365,Community Vehicles,Educational & Dacta:Town
9369,Community Vehicles,Educational & Dacta:Town
9370,Road Plates,Educational & Dacta:Town
9371,Town Vehicles,Educational & Dacta:Town
9373,Road Plates,Educational & Dacta:Town
9376,Castle Set,Educational & Dacta:Castle
9377,Adventurers Set (Temple of Doom),Educational & Dacta:Adventurers:Desert
9380,Technic Racers,Educational & Dacta:Technic
9384,Brick Set,Educational & Dacta:Supplemental
9385,Sceneries Set,Educational & Dacta:Creator
9386,"Doors, Windows & Roof Tiles",Educational & Dacta:Supplemental
9387,Wheels Set,Educational & Dacta:Supplemental
9388,Small Building Plates,Educational & Dacta
9389,Community Starter Set,Educational & Dacta:Town
9390,Mini Tow Truck,Technic:Model:Traffic
9391,Crawler Crane (Tracked Crane),Technic:Model:Construction
9392,Quad Bike,Technic:Model:Off-Road
9393,Tractor,Technic:Model:Farm
9394,Jet Plane,Technic:Model:Airport
9395,Pick-Up Tow Truck,Technic:Model:Traffic
9396,Helicopter,Technic:Model:Airport
9397,Logging Truck,Technic:Model:Traffic
9398,4 x 4 Crawler,Technic:Model:Off-Road
9399,Super Value LEGO Community Pack,Educational & Dacta:Town
9440,Venomari Shrine,NINJAGO:Rise of the Snakes
9441,Kai's Blade Cycle,NINJAGO:Rise of the Snakes
9442,Jay's Storm Fighter,NINJAGO:Rise of the Snakes
9443,Rattlecopter,NINJAGO:Rise of the Snakes
9444,Cole's Tread Assault,NINJAGO:Rise of the Snakes
9445,Fangpyre Truck Ambush,NINJAGO:Rise of the Snakes
9446,Destiny's Bounty,NINJAGO:Rise of the Snakes
9447,Lasha's Bite Cycle,NINJAGO:Rise of the Snakes
9448,Samurai Mech,NINJAGO:Rise of the Snakes
9449,Ultra Sonic Raider,NINJAGO:Rise of the Snakes
9450,Epic Dragon Battle,NINJAGO:Rise of the Snakes
9452,Giant Lego Topic Set,Educational & Dacta:Universal Building Set
9453,Universal Set (Large Topic Set),Educational & Dacta:Supplemental
9454,Function Set,Educational & Dacta:Universal Building Set
9455,Fangpyre Mech,NINJAGO:Rise of the Snakes
9456,Spinner Battle,NINJAGO:Rise of the Snakes:Spinners
9457,Fangpyre Wrecking Ball,NINJAGO:Rise of the Snakes
9461,The Swamp Creature,Monster Fighters
9462,The Mummy,Monster Fighters
9463,The Werewolf,Monster Fighters
9464,The Vampyre Hearse,Monster Fighters
9465,The Zombies,Monster Fighters
9466,The Crazy Scientist & His Monster,Monster Fighters
9467,The Ghost Train,Monster Fighters
9468,Vampyre Castle,Monster Fighters
9469,Gandalf Arrives,The Hobbit and The Lord of the Rings:The Lord of the Rings
9470,Shelob Attacks,The Hobbit and The Lord of the Rings:The Lord of the Rings
9471,Uruk-hai Army,The Hobbit and The Lord of the Rings:The Lord of the Rings
9472,Attack on Weathertop,The Hobbit and The Lord of the Rings:The Lord of the Rings
9473,The Mines of Moria,The Hobbit and The Lord of the Rings:The Lord of the Rings
9474,The Battle of Helm's Deep,The Hobbit and The Lord of the Rings:The Lord of the Rings
9476,The Orc Forge,The Hobbit and The Lord of the Rings:The Lord of the Rings
9478,Francesco Bernoulli,Cars:Cars 2
9479,Ivan Mater,Cars:Cars 2
9480,Finn McMissile,Cars:Cars 2
9481,Jeff Gorvette,Cars:Cars 2
9483,Agent Mater's Escape,Cars:Cars 2
9484,Red's Water Rescue,Cars:Cars 2
9485,Ultimate Race Set,Cars:Cars 2
9486,Oil Rig Escape,Cars:Cars 2
9488,Elite Clone Trooper & Commando Droid Battle Pack,Star Wars:Star Wars The Clone Wars
9489,Endor Rebel Trooper & Imperial Trooper Battle Pack,Star Wars:Star Wars Episode 4/5/6
9490,Droid Escape,Star Wars:Star Wars Episode 4/5/6
9491,Geonosian Cannon,Star Wars:Star Wars The Clone Wars
9492,TIE Fighter,Star Wars:Star Wars Episode 4/5/6
9493,X-wing Starfighter,Star Wars:Star Wars Episode 4/5/6
9494,Anakin's Jedi Interceptor,Star Wars:Star Wars Episode 3
9495,Gold Leader's Y-wing Starfighter,Star Wars:Star Wars Episode 4/5/6
9496,Desert Skiff,Star Wars:Star Wars Episode 4/5/6
9497,Republic Striker-class Starfighter,Star Wars:Star Wars Legends:Star Wars The Old Republic
9498,Saesee Tiin's Jedi Starfighter,Star Wars:Star Wars The Clone Wars
9499,Gungan Sub,Star Wars:Star Wars Episode 1
9500,Sith Fury-class Interceptor,Star Wars:Star Wars Legends:Star Wars The Old Republic
9502,Infant Maths Sets - Measurements,Educational & Dacta:DUPLO:Learning
9503,Infant Maths - Shape and Space,Educational & Dacta:DUPLO:Learning
9504,"Duplo Numbers 80 numbers, 40 symbols, 4 baseplates in a solid storage bin",Educational & Dacta:DUPLO:Learning
9505,Early Reading Set (First Reading Set / My First Writing Set) - German Version,Educational & Dacta:DUPLO:Learning
9509,"Advent Calendar 2012, Star Wars",Holiday & Event:Advent:Star Wars
9511,Medium Duplo Building Plates,Educational & Dacta:DUPLO:Supplemental
9515,The Malevolence,Star Wars:Star Wars The Clone Wars
9516,Jabba's Palace,Star Wars:Star Wars Episode 4/5/6
9517,Measurement Activities,Educational & Dacta:DUPLO:Basic Set
9518,Mosaic Set,Educational & Dacta:DUPLO:Mosaic
9519,Numbers Set,Educational & Dacta:DUPLO:Learning
9525,Pre Vizsla's Mandalorian Fighter,Star Wars:Star Wars The Clone Wars
9526,Palpatine's Arrest,Star Wars:Star Wars Episode 3
9530,Letters Set,Educational & Dacta:DUPLO:Learning
9531,Numbers and Mosaics Set,Educational & Dacta:DUPLO:Learning
9533,DACTA Numbers Set,Educational & Dacta:DUPLO:Learning
9534,Mosaic Tiles,Educational & Dacta:DUPLO:Mosaic
9535,Letters,Educational & Dacta:DUPLO:Learning
9536,White Duplo Baseplates,Educational & Dacta:DUPLO:Supplemental
9537,Learning Concepts with Numbers,Educational & Dacta:DUPLO:Learning
9540,Early Math Numbers Set,Educational & Dacta:Explore:Explore Logic:DUPLO:Learning
9541,Early Math Measurement Set,Educational & Dacta:DUPLO:Learning
9542,Early Math Shape and Space Set,Educational & Dacta:DUPLO:Learning
9543,Let's Play Maths,Educational & Dacta:DUPLO:Learning
9544,Math Machines Set,Educational & Dacta:Learning
9545,Numbers Set,Educational & Dacta:DUPLO:Learning
9546,Mosaics Set,Educational & Dacta:DUPLO:Mosaic
9547,Letters Set,Educational & Dacta:Explore:Explore Logic:DUPLO:Learning
9550,Typesetter's Shop (Composing Set) - English Version,Educational & Dacta:Learning
9551,Kendo Cole polybag,NINJAGO:Rise of the Snakes:Spinners:Booster Pack
9552,Lloyd Garmadon polybag,NINJAGO:Rise of the Snakes:Spinners:Booster Pack
9553,Jay ZX polybag,NINJAGO:Rise of the Snakes:Spinners:Booster Pack
9554,Zane ZX polybag,NINJAGO:Rise of the Snakes:Spinners:Booster Pack
9555,Mezmo polybag,NINJAGO:Rise of the Snakes:Spinners:Booster Pack
9556,Bytar polybag,NINJAGO:Rise of the Snakes:Spinners:Booster Pack
9557,Lizaru  polybag,NINJAGO:Rise of the Snakes:Spinners:Booster Pack
9558,Training Set,NINJAGO:Rise of the Snakes:Spinners
9561,Kai ZX,NINJAGO:Rise of the Snakes:Spinners
9562,Lasha,NINJAGO:Rise of the Snakes:Spinners
9563,Kendo Zane,NINJAGO:Rise of the Snakes:Spinners
9564,Snappa,NINJAGO:Rise of the Snakes:Spinners
9566,Samurai X,NINJAGO:Rise of the Snakes:Spinners
9567,Fang-Suei,NINJAGO:Rise of the Snakes:Spinners
9569,Spitta,NINJAGO:Rise of the Snakes:Spinners
9570,NRG Jay,NINJAGO:Rise of the Snakes:Spinners
9571,Fangdam,NINJAGO:Rise of the Snakes:Spinners
9572,NRG Cole,NINJAGO:Rise of the Snakes:Spinners
9573,Slithraa,NINJAGO:Rise of the Snakes:Spinners
9574,Lloyd ZX,NINJAGO:Rise of the Snakes:Spinners
9579,Starter Set,NINJAGO:Rise of the Snakes:Spinners
9580,WeDo Robotics Construction Set,Educational & Dacta:WeDo
9581,WeDo Robotics USB Hub,Educational & Dacta:WeDo
9583,WeDo Robotics Motion Sensor,Educational & Dacta:WeDo
9584,WeDo Robotics Tilt Sensor,Educational & Dacta:WeDo
9585,WeDo Robotics Resource Set,Educational & Dacta:WeDo
9590,NRG Zane,NINJAGO:Rise of the Snakes:Spinners
9591,Weapon Pack,NINJAGO:Rise of the Snakes:Spinners
9594,Green City Challenge Set,Educational & Dacta:MINDSTORMS:NXT
9603,TECHNIC I Activity Centre Cards (Simple Machines Activity Center - ISBN 8777370228 for US Version),Educational & Dacta:Technic:Supplemental
9604,Dacta Pneumatic Set (Undetermined Version),Educational & Dacta:Technic
9605,4.5V Technic Resource Set,Educational & Dacta:Technic
9607,Technology Activity Set (Manufacturing Systems Set),Educational & Dacta:Technic
9609,Technology Resource Set,Educational & Dacta:Technic
9610,Gears Mini Set,Educational & Dacta:Technic
9612,Levers Mini Set,Educational & Dacta:Technic
9614,Pulleys Mini Set,Educational & Dacta:Technic
9615,9-Volt Motor Add-On for Simple Mechanisms,Educational & Dacta:Technic:Supplemental
9616,Wheels and Axles Mini Set,Educational & Dacta:Technic
9617,Introducing Air Power Set (Pneumatics I: Introduction to Air Power Set),Educational & Dacta:Technic
9618,Structures Set,Educational & Dacta:Technic
9627,Technology Group Activity Set,Educational & Dacta:Technic
9628,Mechanisms Power Add-On Set,Educational & Dacta:Technic:Supplemental
9630,Nonmotorized Simple Machines Set (1997 LEGO Dacta Version),Educational & Dacta:Technic
9632,Science & Technology Base Set,Educational & Dacta:Technic
9633,Advanced Air Power Set (Pneumatics II),Educational & Dacta:Technic
9636,Solar Add-on,Educational & Dacta:Technic:Supplemental
9637,Speed Computer Add-on,Educational & Dacta:Technic:Supplemental
9640,Gear Classroom Pack (Gears Class Pack),Educational & Dacta:Technic
9641,Mechanisms Pneumatics Add-On Set,Educational & Dacta:Technic:Supplemental
9642,Lever Classroom Pack (Levers Class Pack),Educational & Dacta:Technic
9644,Pulley Classroom Pack (Pulleys Class Pack),Educational & Dacta:Technic
9645,Motorized Simple Machines Set (1997 Version),Educational & Dacta:Technic
9646,Wheel and Axle Classroom Pack (Wheels and Axles Class Pack),Educational & Dacta:Technic
9647,Studios Camera and Software,Educational & Dacta:Studios
9648,Mindstorms Education Resource Set,Educational & Dacta:MINDSTORMS:NXT
9649,Technology Resource Set,Educational & Dacta:Technic
9650,Scenery Resource Set,Educational & Dacta:Technic
9651,Early Simple Machines Set,Educational & Dacta:DUPLO:Learning
9652,Fun Time Gear (Gears) Set,Educational & Dacta:DUPLO:Learning
9653,Mechanical Toy Shop,Educational & Dacta:DUPLO:Learning
9654,Early Simple Machines II (Primary Simple Machines Set),Educational & Dacta:DUPLO:Learning
9655,Fun Time Gears II,Educational & Dacta:DUPLO:Learning
9656,Early Simple Machines Set III,Educational & Dacta:DUPLO:Learning
9657,FIRST LEGO League (FLL) Challenge 2012 - Senior Solutions,FIRST LEGO League
9659,Science & Technology Supplementary Set,Educational & Dacta:DUPLO:Learning
9660,Early Structures (Primary Towers & Bridges Set),Educational & Dacta:DUPLO:Learning
9661,Early Simple Machines Activity Pack,Educational & Dacta:DUPLO:Learning
9664,FIRST LEGO League (FLL) Challenge 2013 - Nature's Fury,FIRST LEGO League
9665,Mechanical Engineering Set,Educational & Dacta:Technic
9666,Camera,Educational & Dacta:MINDSTORMS:RCX
9667,Solar Panel,Educational & Dacta:Technic:Supplemental
9668,Energy Display,Educational & Dacta:Technic:Supplemental
9669,Electric Battery Box 9V 150 mAh (Rechargeable),Educational & Dacta:Technic:Supplemental
9670,E-Motor with Gear Reduction Ratio 9.5 : 1,Educational & Dacta:Technic:Supplemental
9674,Naboo Starfighter & Naboo,Star Wars:Planets Series 1:Star Wars Episode 1
9675,Sebulba's Podracer & Tatooine,Star Wars:Planets Series 1:Star Wars Episode 1
9676,TIE Interceptor & Death Star,Star Wars:Planets Series 1:Star Wars Episode 4/5/6
9677,X-wing Starfighter & Yavin 4,Star Wars:Planets Series 2:Star Wars Episode 4/5/6
9678,Twin-pod Cloud Car & Bespin,Star Wars:Planets Series 2:Star Wars Episode 4/5/6
9679,AT-ST & Endor,Star Wars:Planets Series 2:Star Wars Episode 4/5/6
9680,"Energy Work, Power Starter Set (1999 Version)",Educational & Dacta:Technic:eLAB
9681,eLAB Renewable Energy Set (1999 Version),Educational & Dacta:Technic:eLAB
9684,eLAB Renewable Energy Set (2003 Version),Educational & Dacta:Technic:eLAB
9685,eLAB Green Car,Educational & Dacta:Technic:eLAB
9686,Simple and Motorized Mechanisms Base Set (Simple & Powered Machines Set),Educational & Dacta:Technic
9688,Renewable Energy Add-On Set,Educational & Dacta:Technic:Supplemental
9689,Simple Machines,Educational & Dacta:Technic
9690,LEC LEGO Duplo Set (LEGO Education Center),Educational & Dacta:DUPLO
9691,LEC LEGO Set (LEGO Education Center),Educational & Dacta
9692,LEC Tech Machines Set (LEGO Education Center),Educational & Dacta:DUPLO:Toolo
9693,"Rechargeable Battery for Lego Mindstorms NXT, DC plug",MINDSTORMS:NXT
9694,NXT Color Sensor,MINDSTORMS:NXT
9695,Mindstorms Education Resource Set,Educational & Dacta:MINDSTORMS:NXT
9696,FIRST LEGO League (FLL) Challenge 2010 - Body Forward v46,FIRST LEGO League
9697,FIRST LEGO League (FLL) Challenge 2011 - Food Factor,FIRST LEGO League
9698,FIRST LEGO League (FLL) Challenge 2009 - Smart Move,FIRST LEGO League
9699,FIRST LEGO League (FLL) Challenge 2008 - Climate Connections,FIRST LEGO League
9700,Technic Control Center (Technic Control 0 Set),Educational & Dacta:Technic
9701,Control Lab Building Set (Technology Building Set),Educational & Dacta:Technic:Control Lab
9702,Control System Building Set,Educational & Dacta:Technic:Control Lab
9707,Intelligent House Building Set (Control Lab),Educational & Dacta:Technic:Control Lab
9709,RCX Programmable Brick,Educational & Dacta:MINDSTORMS:RCX
9713,Infrared Transmission Tower,Educational & Dacta:MINDSTORMS:RCX
9719,"Robotics Invention System, Version 1.0",MINDSTORMS:RCX
9723,ROBOLAB Cities and Transportation Set,Educational & Dacta:MINDSTORMS:RCX
9725,ROBOLAB Amusement Park Set {1998 Version},Educational & Dacta:MINDSTORMS:RCX
9730,RoboSports,MINDSTORMS:RCX
9731,Vision Command (Digital Color Camera),MINDSTORMS:RCX
9732,Extreme Creatures,MINDSTORMS:RCX
9735,Robotics Discovery Set,MINDSTORMS:RCX
9736,Exploration Mars,MINDSTORMS:RCX
9738,Remote Control,MINDSTORMS:RCX
9742,Photosynthesis Student Set,Educational & Dacta:Learning
9743,Chromosomes - Student Set,Educational & Dacta:Learning
9744,Mars Exploration Add-On,Educational & Dacta:MINDSTORMS:RCX
9747,"Robotics Invention System, Version 1.5",MINDSTORMS:RCX
9748,Droid Developer Kit,MINDSTORMS:Star Wars
9749,NXT Temperature Sensor,MINDSTORMS:NXT
9750,Interface A (LEGO Interface Box & Transformer),Educational & Dacta:Technic:Supplemental
9751,Control Lab Serial Interface & Adapter,Educational & Dacta:Technic:Control Lab
9752,Technic Control Center II,Educational & Dacta:Technic:Supplemental
9753,Technic Control Center I,Educational & Dacta:Technic:Supplemental
9754,Dark Side Developer Kit,MINDSTORMS:Star Wars
9755,Temperature Sensor,MINDSTORMS:RCX
9756,Rotation Sensor,MINDSTORMS:RCX
9757,Touch Sensor with Cable,MINDSTORMS:RCX
9758,Light Sensor 9V,MINDSTORMS:RCX
9761,FIRST LEGO League (FLL) Challenge 2004 - No Limits,FIRST LEGO League
9762,FIRST LEGO League (FLL) Challenge 2005 - Ocean Odyssey,FIRST LEGO League
9763,FIRST LEGO League (FLL) Challenge 2006 - Nano Quest,FIRST LEGO League
9764,FIRST LEGO League (FLL) Challenge 2007 - Power Puzzle,FIRST LEGO League
9768,Control Lab Serial Cable for IBM PC and Compatible (9 and 25 pin),Educational & Dacta:Technic:Control Lab
9769,Control Lab Serial Cable for Macintosh (8 pin),Educational & Dacta:Technic:Control Lab
9771,Interface Card and Cable for TC Logo - IBM compatible,Educational & Dacta:Technic:Supplemental
9776,Pneumatic Circuit,Educational & Dacta:Service Packs:Technic
9778,Pneumatic Handpump,Educational & Dacta:Service Packs:Technic
9780,ROBOLAB Starter Building Set,Educational & Dacta:MINDSTORMS:RCX
9782,FIRST LEGO League (FLL) Challenge 2000 - Volcanic Panic,FIRST LEGO League
9783,Infrared Transmitter with USB Cable,Educational & Dacta:MINDSTORMS:RCX
9784,FIRST LEGO League (FLL) Challenge 2001 - Arctic Impact,FIRST LEGO League
9785,ROBO Technology Set (Serial),Educational & Dacta:MINDSTORMS:RCX
9786,ROBO Technology Set (USB),Educational & Dacta:MINDSTORMS:RCX
9788,FIRST LEGO League (FLL) Challenge 2003 - Mission Mars,FIRST LEGO League
9790,ROBOLAB Team Challenge Set (Serial),Educational & Dacta:MINDSTORMS:RCX
9791,ROBOLAB Team Challenge Set (USB),Educational & Dacta:MINDSTORMS:RCX
9793,ROBOLAB Team Challenge Set (Serial) {2.5},Educational & Dacta:MINDSTORMS:RCX
9794,ROBOLAB Team Challenge Set (USB) {2.5},Educational & Dacta:MINDSTORMS:RCX
9795,ROBOLAB Intelligent House Building Set,Educational & Dacta:MINDSTORMS:RCX
9797,Mindstorms Education NXT Base Set,Educational & Dacta:MINDSTORMS:NXT
9798,"Rechargeable Battery for Lego Mindstorms NXT, AC plug",MINDSTORMS:NXT
9799,Sensor Adapter for Mindstorms NXT to Vernier,MINDSTORMS:NXT
9815,Basic Bulk,Educational & Dacta:DUPLO:Basic Set
9816,Numbers & Letters,Educational & Dacta:DUPLO:Learning
9818,Special Elements for eLAB,Educational & Dacta:Service Packs:Special Element Sets:eLAB
9819,Special Elements for Mindstorms for Schools,Educational & Dacta:Service Packs:Special Element Sets
9820,Geared Turntable,Educational & Dacta:Service Packs:Technic
9821,Rubber Bands,Educational & Dacta:Service Packs
9822,Red Beams with Holes,Educational & Dacta:Service Packs:Technic
9823,Blue Beams with Holes,Educational & Dacta:Service Packs:Technic
9824,Yellow Beams with Holes,Educational & Dacta:Service Packs:Technic
9825,Pneumatic Elements,Educational & Dacta:Service Packs:Technic
9826,Pneumatic Tubes and T-Pieces (Pneumatic tubing),Educational & Dacta:Service Packs:Technic
9831,Battery Box with Switch (9V),Educational & Dacta:Service Packs:Technic
9833,"AC Adapter, 230V - 10V Transformer",Educational & Dacta:Supplemental
9834,Belts for Primary Simple Machines (Belts For Primary T&B),Educational & Dacta:Service Packs:DUPLO
9835,Gears for Early Simple Machines,Educational & Dacta:Service Packs:DUPLO
9836,Beams for Primary Simple Machines (Beams For Primary T&B),Educational & Dacta:Service Packs:DUPLO
9837,Axles for Primary Simple Machines (Axles For Primary T&B),Educational & Dacta:Service Packs:DUPLO
9838,Gears For Primary Simple Machines (Gears For Primary T&B),Educational & Dacta:Service Packs:DUPLO
9839,Small Pulleys and Handles ESM (Early Simple Machines),Educational & Dacta:Service Packs:DUPLO
9840,"Blue Storage Bin, X-Large (16.5in x 12in x 10in)",Educational & Dacta:Supplemental
9841,NXT Intelligent Brick,MINDSTORMS:NXT
9842,NXT Servo Motor,MINDSTORMS:NXT
9843,NXT Touch Sensor,MINDSTORMS:NXT
9844,NXT Light Sensor,MINDSTORMS:NXT
9845,NXT Sound Sensor,MINDSTORMS:NXT
9846,NXT Ultrasonic Sensor,MINDSTORMS:NXT
9848,9V Lamps (Lamps And Fittings),Educational & Dacta:Service Packs:Technic
9849,9V Micromotor,Educational & Dacta:Service Packs:Technic
9851,Assortment of Connectors,Educational & Dacta:Service Packs:Technic
9852,Chain Link Pack,Educational & Dacta:Service Packs:Technic
9853,Assortment of Gears,Educational & Dacta:Service Packs:Technic
9854,Worm Gear Pack (Gear & Worm Racks/Rack and Worm Gears),Educational & Dacta:Service Packs:Technic
9855,Assortment of Tires/Wheels,Educational & Dacta:Service Packs:Technic
9856,Assortment of Cross Axles,Educational & Dacta:Service Packs:Technic
9857,Red and Black Plates,Educational & Dacta:Service Packs
9858,Red and Blue Beams,Educational & Dacta:Service Packs:Technic
9859,Motor (4.5V),Educational & Dacta:Service Packs:Technic
9860,Battery Box and Switch (4.5V),Educational & Dacta:Service Packs:Technic
9861,Connecting Leads (4.5V),Educational & Dacta:Service Packs:Technic
9862,Random Special Pieces,Educational & Dacta:Service Packs:Technic
9863,Weighted Brick Pack,Educational & Dacta:Service Packs:Technic
9864,"Building Plates, Green",Educational & Dacta:Service Packs
9865,Optosensor,Educational & Dacta:Service Packs:Technic
9866,Light and Transparent Bricks,Educational & Dacta:Service Packs
9867,Touch Sensor (4.5V),Educational & Dacta:Service Packs:Technic
9868,Plugholders and Leads,Educational & Dacta:Service Packs:Technic
9869,Building Plates (24 x 24),Educational & Dacta:Service Packs
9870,Pneumatic Rubber Bands and Pneumatic Tubing,Educational & Dacta:Service Packs:Technic
9871,"Beams, Yellow",Educational & Dacta:Service Packs:Technic
9872,Pneumatic Elements and Tubes,Educational & Dacta:Service Packs:Technic
9874,Building Cards - 1090,Educational & Dacta:Technic:Supplemental
9876,Large Turntables,Educational & Dacta:Service Packs:Technic
9883,Motor (9V),Educational & Dacta:Service Packs:Technic
9885,Sound Element (9V),Educational & Dacta:Service Packs:Technic
9886,Electric Plates,Educational & Dacta:Service Packs
9888,9-Volt Touch Sensor (2 x 4 type with built-in wire),Educational & Dacta:Technic:Control Lab
9889,Temperature Sensor (9V),Educational & Dacta:Technic:Control Lab
9890,Light Sensor (9V),Educational & Dacta:Technic:Control Lab
9891,Angle Sensor (9V),Educational & Dacta:Technic:Control Lab
9892,Brick Separators,Educational & Dacta:Service Packs
9894,Two Extra Screwdrivers,Educational & Dacta:DUPLO:Supplemental
9896,Two Extra Wrenches,Educational & Dacta:DUPLO:Supplemental
9897,Connecting Leads (9V),Educational & Dacta:Service Packs:Technic
9898,Long Connecting Leads (9V),Educational & Dacta:Service Packs:Technic
9899,Hubs and Tires,Educational & Dacta:Service Packs:Technic
9900,Small Gear Wheels,Educational & Dacta:Service Packs:Technic
9911,Touch Sensor with Removable Leads,MINDSTORMS:RCX
9912,Solar Panel,Educational & Dacta:Technic:eLAB
9914,Set Specific Elements for Amusement Park Set,Educational & Dacta:Service Packs:Special Element Sets
9915,Pneumatic Small Pumps,Educational & Dacta:Service Packs:Technic
9916,Capacitor,Educational & Dacta:Technic:eLAB
9917,DCP Sensor Adapter,Educational & Dacta:MINDSTORMS:RCX
9918,"Gear Block, Yellow",Educational & Dacta:Service Packs:Technic
9919,"Yellow Storage Bin, X-Large (3 Pack)",Educational & Dacta:Supplemental
9920,"Yellow Storage Bin, X-Large (17in x 17in x 7.5in)",Educational & Dacta:Supplemental
9921,"Red Storage Box, Large",Educational & Dacta:Supplemental
9922,"Bright Green Storage Box, Medium",Educational & Dacta:Supplemental
9923,"Red Storage Bin, Medium",Educational & Dacta:Supplemental
9924,"Yellow Storage Bin, Small",Educational & Dacta:Supplemental
9925,"Red Storage Bin, Small",Educational & Dacta:Supplemental
9926,"Yellow Storage Bin, Extra Small (12in x 7.5in x 2in)",Educational & Dacta:Supplemental
9927,"Beams with Holes, Red",Educational & Dacta:Service Packs:Technic
9928,"Beams with Holes, Blue",Educational & Dacta:Service Packs:Technic
9929,"Plates, Red",Educational & Dacta:Service Packs
9930,"Plates, Blue",Educational & Dacta:Service Packs
9931,"Plates, Yellow",Educational & Dacta:Service Packs
9932,"Plates, Black",Educational & Dacta:Service Packs
9933,"Basic Bricks, Red",Educational & Dacta:Service Packs
9934,"Basic Bricks, Yellow",Educational & Dacta:Service Packs
9935,"Basic Bricks, Black",Educational & Dacta:Service Packs
9936,Weight Elements,Educational & Dacta:Service Packs
9937,Small Chain Links,Educational & Dacta:Service Packs:Technic
9938,Conveyor Belt Links,Educational & Dacta:Service Packs:Technic
9939,Assorted Pulleys,Educational & Dacta:Service Packs:Technic
9940,Rubber Bands and String,Educational & Dacta:Service Packs
9941,Cams and Linkages,Educational & Dacta:Service Packs:Technic
9942,Connectors and Bushings,Educational & Dacta:Service Packs:Technic
9943,Axles and Extenders,Educational & Dacta:Service Packs:Technic
9945,Differentials,Educational & Dacta:Service Packs:Technic
9946,Small Turntables,Educational & Dacta:Service Packs
9947,Figures,Educational & Dacta:Service Packs
9948,Special Elements for 979618 (Structures Set),Educational & Dacta:Service Packs:Special Element Sets
9949,Special Elements for Structures Set,Educational & Dacta:Service Packs:Special Element Sets
9950,{Unknown},Educational & Dacta:DUPLO:Basic Set
9954,Special Elements for Mini Sets,Educational & Dacta:Service Packs:Special Element Sets
9955,Special Elements for Pneumatics II (Special Elements For 979633),Educational & Dacta:Service Packs:Special Element Sets
9956,Special Elements for Non-Motorized Simple Machines (Special Elements For 979630),Educational & Dacta:Service Packs:Special Element Sets
9957,Special Elements for 979607 (Technology Activity Set),Educational & Dacta:Service Packs:Special Element Sets
9958,Special Elements for Control Lab Building Set (Special Elements For 979701),Educational & Dacta:Service Packs:Special Element Sets
9959,Special Elements for Intelligent House Building Set (Special Elements For 979707),Educational & Dacta:Service Packs:Special Element Sets
9960,"Crane Hook, Cams and Propellers",Educational & Dacta:Service Packs:Technic
9961,"Belts, White",Educational & Dacta:Service Packs
9962,Flat Tiles,Educational & Dacta:Service Packs
9963,Fittings for Cross Axles,Educational & Dacta:Service Packs:Technic
9964,Fittings for Beams with Holes (Connector pegs),Educational & Dacta:Service Packs:Technic
9965,Small Gear Wheel,Educational & Dacta:Service Packs:Technic
9966,Large Gear Wheels,Educational & Dacta:Service Packs:Technic
9967,Differentials and Crown Gears,Educational & Dacta:Service Packs:Technic
9968,Pulleys and Tires (Pulley wheels),Educational & Dacta:Service Packs:Technic
9969,Tires and Hubs,Educational & Dacta:Service Packs:Technic
9970,Short Cross Axles,Educational & Dacta:Service Packs:Technic
9971,Long Cross Axles,Educational & Dacta:Service Packs:Technic
9972,"Plates, Red",Educational & Dacta:Service Packs
9973,"Plates, Blue",Educational & Dacta:Service Packs
9974,"Plates, Yellow",Educational & Dacta:Service Packs
9975,Simple Machines,Educational & Dacta:Technic
9976,Duplo Airport,"Educational & Dacta:DUPLO:DUPLO, Town:Airport"
9977,Home,Educational & Dacta:DUPLO
9978,Home Environment,Educational & Dacta:DUPLO:Playhouse
9979,Duplo People / Family Workers,Educational & Dacta:DUPLO:Supplemental
9980,World People,Educational & Dacta:DUPLO:Supplemental
9987,DUPLO Basic Bucket,Educational & Dacta:DUPLO:Basic Set
9988,Basic Bucket Kindergarten to Grade 1,Educational & Dacta:Basic
9994,Basic Building Set (Bucket),Educational & Dacta:Basic
9999,Upgrade Kit for 9654,Educational & Dacta
30000,Doctor with Car polybag,Town:City:Hospital
30001,Fireman's Car polybag,Town:City:Fire
30002,Police Boat polybag,Town:City:Police
30003,Steam Roller polybag,Town:City:Construction
30004,Battle Droid on STAP - Mini polybag,Star Wars:Star Wars The Clone Wars
30005,Imperial Speeder Bike - Mini polybag,Star Wars:Star Wars Episode 4/5/6
30006,Clone Walker - Mini polybag,Star Wars:Star Wars The Clone Wars
30008,Snowman polybag,Creator:Basic Model:Holiday & Event:Christmas
30009,Christmas Tree polybag,Creator:Basic Model:Holiday & Event:Christmas
30010,Fire Chief polybag,Town:City:Fire
30011,Police Dinghy polybag,Town:City:Police
30012,Mini Airplane polybag,Town:City:Airport
30013,Police Quad polybag,Town:City:Police
30014,Police Helicopter polybag,Town:City:Police
30015,Jet Ski polybag,Town:City:Harbor
30016,Small Satellite,Town:City
30017,Police Boat polybag,Town:City:Police
30018,Police Plane polybag,Town:City:Police
30019,Fire Helicopter polybag,Town:City:Fire
30020,Jet polybag,Creator:Basic Model:Airport
30021,Parrot polybag,Creator:Basic Model:Creature
30023,Lighthouse polybag,Creator:Basic Model:Building
30024,Truck polybag,Creator:Basic Model:Traffic
30025,Clown Fish polybag,Creator:Basic Model:Creature
30026,Panda polybag,Creator:Basic Model:Creature
30027,Reindeer polybag,Creator:Basic Model:Creature
30028,Wreath polybag,Creator:Basic Model:Holiday & Event:Christmas
30029,Pudsey Bear polybag,Creator:Basic Model:Promotional
30030,Rally Raider polybag,Racers:Tiny Turbos
30031,World Race Powerboat polybag,World Racers
30032,World Race Buggy polybag,World Racers
30033,Racing Truck polybag,Racers:Tiny Turbos
30034,Racing Tow Truck polybag,Racers:Tiny Turbos
30035,Off Road Racer 2 polybag,Racers:Tiny Turbos
30036,Buggy Racer polybag,Racers:Tiny Turbos
30040,Octopus polybag,Atlantis
30041,Piranha polybag,Atlantis
30042,Mini Sub polybag,Atlantis
30050,Republic Attack Shuttle - Mini polybag,Star Wars:Mini:Star Wars The Clone Wars
30051,X-wing Fighter - Mini polybag,Star Wars:Mini:Star Wars Episode 4/5/6
30052,AAT - Mini polybag,Star Wars:Mini:Star Wars Episode 1
30053,Republic Attack Cruiser - Mini polybag,Star Wars:Mini:Star Wars Episode 3
30054,AT-ST - Mini polybag,Star Wars:Mini:Star Wars Episode 4/5/6
30055,Vulture Droid - Mini polybag,Star Wars:Mini:Star Wars Episode 3
30056,Star Destroyer - Mini polybag,Star Wars:Mini:Star Wars Episode 4/5/6
30057,Anakin's Pod Racer - Mini polybag,Star Wars:Mini:Star Wars Episode 1
30058,STAP - Mini polybag,Star Wars:Star Wars Episode 1
30059,MTT - Mini polybag,Star Wars:Mini:Star Wars The Clone Wars
30060,Farm Set polybag,"DUPLO:DUPLO, Town:Farm:3"
30061,Attack Wagon polybag,Castle:Kingdoms
30062,Target Practice polybag,Castle:Kingdoms
30063,Vet polybag,"DUPLO:DUPLO, Town:Farm:3"
30064,Zoo polybag,"DUPLO:DUPLO, Town:Zoo:3"
30066,Circus polybag,"DUPLO:DUPLO, Town:Circus:3"
30067,Farm polybag,"DUPLO:DUPLO, Town:Farm:3"
30068,Food polybag,DUPLO
30070,Alien Space Ship polybag,Toy Story:Toy Story 3
30071,Army Jeep polybag,Toy Story:Toy Story 3
30072,Woody's Camp Out polybag,Toy Story:Toy Story 3
30073,Buzz's Mini Ship polybag,Toy Story:Toy Story 3
30080,Ninja Glider polybag,NINJAGO:The Golden Weapons
30081,Skeleton Chopper polybag,NINJAGO:The Golden Weapons
30082,Enemy Training polybag,NINJAGO:The Golden Weapons
30083,Dragon Fight polybag,NINJAGO:The Golden Weapons
30084,Ninjago Promotional Set polybag,NINJAGO:The Golden Weapons
30085,Jumping Snakes polybag,NINJAGO:Rise of the Snakes
30086,Hidden Sword polybag,NINJAGO:Rise of the Snakes
30087,Car polybag,NINJAGO:Rise of the Snakes
30088,Rattla polybag,NINJAGO:Rise of the Snakes
30090,Desert Glider polybag,Pharaoh's Quest
30091,Desert Rover polybag,Pharaoh's Quest
30100,Andrea on the Beach polybag,Friends
30101,Skate Boarder polybag,Friends
30102,Olivia's Desk polybag,Friends
30103,Car polybag,Friends
30105,Mailbox polybag,Friends
30106,Ice Cream Stand polybag,Friends
30107,Birthday Party polybag,Friends
30108,Summer Picnic polybag,Friends
30110,Trolley polybag,Harry Potter
30111,The Lab polybag,Harry Potter
30112,Emma's Flower Stand polybag,Friends
30113,Stephanie's Bakery Stand polybag,Friends
30114,Andrea's Beach Lounge polybag,Friends
30115,Jungle Boat polybag,Friends
30116,Rapunzel's Market Visit polybag,Disney:Disney Princess:Tangled
30120,Guido polybag,Cars:Cars 2
30121,Grem polybag,Cars:Cars 2
30130,Mini Black Pearl polybag,Pirates of the Caribbean
30131,Jack's Boat polybag,Pirates of the Caribbean
30132,Voodoo Jack polybag,Pirates of the Caribbean
30133,Jack Sparrow polybag,Pirates of the Caribbean
30140,ADU Walker polybag,Space:Alien Conquest
30141,ADU Jet Pack polybag,Space:Alien Conquest
30150,Race Car polybag,Town:City:Traffic
30151,Mining Dozer polybag,Town:City:Construction
30152,Mining Quad polybag,Town:City:Construction
30160,Batman: Jet Surfer polybag,Super Heroes:Batman II
30161,Batmobile polybag,Super Heroes:Batman II
30162,Quinjet polybag,Super Heroes:The Avengers
30163,Thor and the Cosmic Cube polybag,Super Heroes:The Avengers
30164,Lex Luthor polybag,Super Heroes:Superman
30165,Hawkeye with Equipment polybag,Super Heroes:The Avengers
30166,Robin and Redbird Cycle polybag,Super Heroes:Batman II
30167,Iron Man vs. Fighting Drone polybag,Super Heroes:The Avengers
30168,Gun Mounting System polybag,Super Heroes:Iron Man 3
30170,Heroica - Ganrash,Games:Heroica
30180,Twin Prop polybag,Creator:Basic Model:Airport
30181,Helicopter polybag,Creator:Basic Model:Airport
30182,Santa polybag,Creator:Basic Model:Holiday & Event:Christmas
30183,Little Car polybag,Creator:Basic Model:Traffic
30184,Little Helicopter polybag,Creator:Basic Model:Airport
30185,Little Eagle polybag,Creator:Basic Model:Creature
30186,Christmas Tree polybag,Creator:Basic Model:Holiday & Event:Christmas
30187,Fast Car polybag,Creator:Basic Model:Traffic
30188,Cute Kitten polybag,Creator:Basic Model:Creature
30189,Transport Plane polybag,Creator:Basic Model:Airport
30190,Ferrari 150° Italia polybag,Racers:Ferrari
30191,Scuderia Ferrari Truck polybag,Racers:Ferrari
30192,Ferrari F40 polybag,Racers:Ferrari
30193,250 GT Berlinetta polybag,Racers:Ferrari
30194,458 Italia polybag,Racers:Ferrari
30195,FXX polybag,Racers:Ferrari
30196,Shell F1 Team polybag,Racers:Ferrari
30197,Snowman polybag,Creator:Basic Model:Holiday & Event:Christmas
30200,Zombie Chauffeur Coffin Car polybag,Monster Fighters
30201,Ghost polybag,Monster Fighters
30202,Smoothie Stand polybag,Friends
30203,Mini Golf polybag,Friends
30204,Wish Fountain polybag,Friends
30205,Pop Star Red Carpet polybag,Friends
30210,Frodo with Cooking Corner polybag,The Hobbit and The Lord of the Rings:The Lord of the Rings
30211,Uruk-hai with Ballista polybag,The Hobbit and The Lord of the Rings:The Lord of the Rings
30212,Mirkwood Elf Guard polybag,The Hobbit and The Lord of the Rings:The Hobbit
30213,Gandalf at Dol Guldur polybag,The Hobbit and The Lord of the Rings:The Hobbit
30215,Legolas Greenleaf polybag,The Hobbit and The Lord of the Rings:The Hobbit
30216,Lake-town Guard polybag,The Hobbit and The Lord of the Rings:The Hobbit
30217,Forest polybag,DUPLO
30218,Snail polybag,DUPLO
30220,Fire Speedboat polybag,Town:City:Fire
30221,Fire Car polybag,Town:City:Fire
30222,Police Helicopter polybag,Town:City:Police
30224,Lawn Mower polybag,Town:City:Traffic
30225,Seaplane polybag,Town:City:Coast Guard
30226,Police Helicopter polybag,Town:City:Police
30227,Police Watercraft polybag,Town:City:Police
30228,Police ATV polybag,Town:City:Police
30229,Repair Lift polybag,Town:City:Traffic
30230,Mini Mech polybag,Space:Galaxy Squad
30231,Space Insectoid polybag,Space:Galaxy Squad
30240,Z-95 Headhunter - Mini polybag,Star Wars:Mini:Star Wars The Clone Wars
30241,Mandalorian Fighter - Mini polybag,Star Wars:Mini:Star Wars The Clone Wars
30242,Republic Frigate - Mini polybag,Star Wars:Mini:Star Wars Episode 1
30243,Umbaran MHC - Mini polybag,Star Wars:Mini:Star Wars The Clone Wars
30244,Anakin's Jedi Intercepter - Mini polybag,Star Wars:Mini:Star Wars Episode 3
30246,Imperial Shuttle - Mini polybag,Star Wars:Mini:Star Wars Episode 4/5/6
30247,ARC-170 Starfighter - Mini polybag,Star Wars:Mini:Star Wars Episode 3
30250,Ewar's Acro-Fighter polybag,LEGENDS OF CHIMA
30251,Winzar's Pack Patrol polybag,LEGENDS OF CHIMA
30252,Crug's Swamp Jet polybag,LEGENDS OF CHIMA
30253,Leonidas' Jungle Dragster polybag,LEGENDS OF CHIMA
30254,Razcal's Double-Crosser polybag,LEGENDS OF CHIMA
30255,Crawley polybag,LEGENDS OF CHIMA
30256,Ice Bear Mech polybag,LEGENDS OF CHIMA
30259,Azari's Magic Fire polybag,Elves
30260,Lone Ranger's Pump Car polybag,The Lone Ranger
30261,Tonto's Campfire polybag,The Lone Ranger
30262,Gorzan's Walker polybag,LEGENDS OF CHIMA
30263,Spider Crawler polybag,LEGENDS OF CHIMA
30264,Frax' Phoenix Flyer polybag,LEGENDS OF CHIMA
30265,Worriz' Fire Bike polybag,LEGENDS OF CHIMA
30266,Sykor's Ice Cruiser polybag,LEGENDS OF CHIMA
30270,Kraang Laser Turret polybag,Teenage Mutant Ninja Turtles
30271,Mikey's Mini-Shellraiser polybag,Teenage Mutant Ninja Turtles
30272,A-Wing Starfighter - Mini polybag,Star Wars:Mini:Star Wars Episode 4/5/6
30274,AT-DP - Mini Polybag,Star Wars:Mini:Star Wars Rebels
30275,TIE Advanced Prototype - Mini polybag,Star Wars:Mini:Star Wars Rebels
30276,First Order Special Forces TIE Fighter - Mini polybag,Star Wars:Mini:Star Wars Episode 7
30277,First Order Star Destroyer - Mini polybag,Star Wars:Mini:Star Wars Episode 7
30278,Poe's X-Wing Fighter - Mini polybag,Star Wars:Mini:Star Wars Episode 7
30279,Kylo Ren's Command Shuttle - Mini polybag,Star Wars:Mini:Star Wars Episode 7
30280,The Piece of Resistance polybag,The LEGO Movie
30281,Micro Manager Battle polybag,The LEGO Movie
30282,Super Secret Police Enforcer polybag,The LEGO Movie
30283,Off-Road polybag,Creator:Basic Model:Traffic
30284,Tractor polybag,Creator:Basic Model:Farm
30285,Tiger polybag,Creator:Basic Model:Creature
30286,Christmas Tree polybag,Creator:Basic Model:Holiday & Event:Christmas
30291,Anacondrai Battle Mech polybag,NINJAGO:Tournament of Elements
30292,Jay NanoMech polybag,NINJAGO:Tournament of Elements
30293,Kai Drifter polybag,NINJAGO:Tournament of Elements
30294,The Cowler Dragon polybag,NINJAGO:Possession
30300,The Batman Tumbler polybag,Super Heroes:The Dark Knight Trilogy
30301,Batwing polybag,Super Heroes:Batman II
30302,Spider-Man Glider polybag,Super Heroes:Ultimate Spider-Man
30303,The Joker Bumper Car polybag,Super Heroes:Batman II
30304,The Avengers Quinjet polybag,Super Heroes:Avengers Age of Ultron
30305,Spider-Man Super Jumper polybag,Super Heroes:Ultimate Spider-Man
30310,Arctic Scout polybag,Town:City:Arctic
30311,Swamp Police Helicopter polybag,Town:City:Police
30312,Demolition Driller polybag,Town:City:Construction
30313,Garbage Truck polybag,Town:City:Traffic
30314,Go-Kart Racer polybag,Town:City:Race
30315,Space Utility Vehicle polybag,Town:City:Space Exploration
30320,Gallimimus Trap polybag,Jurassic World
30321,Duck polybag,DUPLO
30322,Wildlife polybag,DUPLO
30323,My First Fish polybag,DUPLO
30324,My Town polybag,"DUPLO:DUPLO, Town:3"
30325,My First Dinosaur polybag,DUPLO:Basic Set
30326,Farm polybag,"DUPLO:DUPLO, Town:Farm:3"
30327,My First Duck polybag,DUPLO:Basic Set
30328,Town Rescue polybag,"DUPLO:DUPLO, Town:3"
30329,My First Giraffe polybag,DUPLO:Basic Set
30330,Birthday Cake polybag,DUPLO:Basic Set
30331,The Nether Duel polybag,Minecraft
30332,My First Space Rocket polybag,DUPLO:Basic Set
30333,My First Elephant polybag,DUPLO:Basic Set
30338,Fire Car polybag,Juniors:Town:City:Fire
30339,Traffic Light Patrol polybag,Juniors:Town:City:Police
30340,Emmet's 'Piece' Offering polybag,The LEGO Movie 2
30341,Monkie Kid's Delivery Bike polybag,Monkie Kid
30342,Lamborghini Huracán Super Trofeo EVO polybag,SPEED CHAMPIONS
30343,McLaren Elva polybag,SPEED CHAMPIONS
30344,Mini Monkey King Warrior Mech polybag,Monkie Kid
30346,Prison Island Plane polybag,Town:City:Police
30347,Fire Car polybag,Town:City:Fire
30348,Mini Dumper polybag,Town:City:Construction
30349,Sports Car polybag,Town:City:Traffic
30350,Volcano Jackhammer polybag,Town:City:Volcano Explorers
30351,Police Helicopter polybag,Town:City:Police
30352,Police Car polybag,Town:City:Police
30353,Tractor polybag,Town:City:Construction
30354,Hot Rod polybag,Town:City:Traffic
30355,Jungle ATV polybag,Town:City:Jungle
30356,Hot Dog Stand polybag,Town:City:Food & Drink
30357,Road Worker polybag,Town:City:Construction
30358,Dragster polybag,Town:City:Race
30359,Police Water Plane polybag,Town:City:Police
30360,Arctic Ice Saw polybag,Town:City:Arctic
30361,Fire ATV polybag,Town:City:Fire
30362,Sky Police Jetpack polybag,Town:City:Police
30363,Race Boat polybag,Town:City:Harbor
30364,Popcorn Cart polybag,Town:City:Food & Drink
30365,Satellite polybag,Town:City:Space Exploration
30366,Police Car polybag,Town:City:Police
30367,Police Helicopter polybag,Town:City:Police
30368,Fire Rescue Water Scooter polybag,Town:City:Fire
30369,Beach Buggy polybag,Town:City:Recreation
30370,Diver polybag,Town:City:Deep Sea Explorers
30371,Knight's Cycle polybag,NEXO KNIGHTS
30372,Robin's Mini Fortrex polybag,NEXO KNIGHTS
30373,Knighton Hyper Cannon polybag,NEXO KNIGHTS
30374,The Lava Slinger polybag,NEXO KNIGHTS
30375,Sira's Adventurous Airglider polybag,Elves
30376,Knighton Rider polybag,NEXO KNIGHTS
30377,Motor Horse polybag,NEXO KNIGHTS
30378,Shrunken Headquarters polybag,NEXO KNIGHTS
30379,Quake Mech polybag,The LEGO NINJAGO Movie
30380,Kylo Ren's Shuttle - Mini polybag,Star Wars:Mini:Star Wars Episode 7
30381,Imperial TIE Fighter - Mini polybag,Star Wars:Mini:Star Wars Solo
30382,Baby Velociraptor Playpen polybag,Jurassic World:Fallen Kingdom
30383,Naboo Starfighter - Mini polybag,Star Wars:Mini:Star Wars Episode 1
30384,Snowspeeder - Mini polybag,Star Wars:Mini:Star Wars Episode 4/5/6
30385,Super Mushroom Surprise - Expansion Set polybag,Super Mario:Super Mario Expansion Set
30386,Poe Dameron's X-wing Fighter - Mini polybag,Star Wars:Mini:Star Wars Episode 9
30387,Bob Minion with Robot Arms polybag,Despicable Me and Minions:Minions The Rise Of Gru
30388,Imperial Shuttle - Mini polybag,Star Wars:Mini:Star Wars Episode 4/5/6
30389,Fuzzy & Mushroom Platform - Expansion Set polybag,Super Mario:Super Mario Expansion Set
30390,Dinosaur Market polybag,Jurassic World:Dominion
30391,Rapunzel's Boat polybag,Disney:Disney Princess:Tangled
30392,Hermione's Study Desk polybag,Harry Potter
30393,Steve and Creeper Set polybag,Minecraft
30394,The Skeleton Defense polybag,Minecraft
30396,Cupcake Stall polybag,Friends
30397,Olaf's Summertime Fun polybag,Disney:Disney Princess:Frozen
30398,Adventure Camp Bridge polybag,Friends
30399,Bowling Alley polybag,Friends
30400,Gymnastics Bar polybag,Friends
30401,Pool Foam Slide polybag,Friends
30402,Snowboard Tricks polybag,Friends
30403,Olivia's Remote Control Boat polybag,Friends
30404,Friendship Flower / Sunflower polybag,Friends
30405,Stephanie's Hockey Practice polybag,Friends
30406,Unikitty Roller Coaster Wagon polybag,Unikitty!
30407,Harry's Journey to Hogwarts polybag,Harry Potter:Sorcerer's Stone
30408,Tulips polybag,Friends
30409,Emma's Bumper Cars polybag,Friends
30410,Mia's Water Fun polybag,Friends
30411,Chocolate Box & Flower polybag,Friends
30412,Park Picnic polybag,Friends
30413,Flower Cart polybag,Friends
30414,Emma's Magical Box polybag,Friends
30416,Market Stall polybag,Friends
30417,Garden Flower and Butterfly polybag,Friends
30420,Harry Potter and Hedwig: Owl Delivery polybag,Harry Potter
30421,Skybound Plane polybag,NINJAGO:Skybound
30422,Kai's Mini Dragon polybag,NINJAGO:Skybound
30423,Anchor-Jet polybag,NINJAGO:Skybound
30424,Dojo polybag,NINJAGO:Day of the Departed
30425,CRU Masters' Training Grounds polybag,NINJAGO:Day of the Departed
30426,Stealthy Swamp Airboat polybag,NINJAGO:The Hands of Time
30427,Ice Tank polybag,The LEGO NINJAGO Movie
30428,Green Ninja Mech Dragon polybag,The LEGO NINJAGO Movie
30432,The Turtle Beach polybag,Minecraft
30433,Volvo Wheel Loader polybag,Technic:Model:Construction
30434,Aston Martin Valkyrie AMR Pro polybag,SPEED CHAMPIONS
30435,Build Your Own Hogwarts Castle polybag,Harry Potter:Mini
30443,Spider-Man Bridge Battle polybag,Super Heroes:Spider-Man No Way Home
30446,The Batmobile polybag,Super Heroes:Dawn of Justice
30447,Captain America's Motorcycle polybag,Super Heroes:Captain America Civil War
30448,Spider-Man Vs. The Venom Symbiote polybag,Super Heroes:Spider-Man
30449,The Milano polybag,Super Heroes:Guardians of the Galaxy Vol. 2
30450,Royal Talon Fighter polybag,Super Heroes
30451,Spider-Man's Mini Spider Crawler polybag,Super Heroes:Spider-Man
30452,Iron Man and Dum-E polybag,Super Heroes:Avengers Endgame
30453,Captain Marvel and Nick Fury polybag,Super Heroes:Captain Marvel
30454,Shang-Chi and The Great Protector polybag,Super Heroes:Shang-Chi
30455,Batmobile polybag,Super Heroes:The Batman
30460,Rex's Plantimal Ambush polybag,The LEGO Movie 2
30461,Podracer - Mini polybag,Star Wars:Mini:Star Wars Episode 1
30463,Chef Enzo's Haunted Hotdogs polybag,Hidden Side
30464,El Fuego's Stunt Cannon polybag,Hidden Side
30465,Helicopter polybag,Technic:Model:Airport
30471,Helicopter polybag,Creator:Basic Model:Airport
30472,Parrot polybag,Creator:Basic Model:Creature
30473,Racer polybag,Juniors:Town:City:Race
30474,Reindeer polybag,Creator:Basic Model:Holiday & Event:Christmas
30475,Off Roader polybag,Creator:Basic Model:Race
30476,Happy Turtle polybag,Creator:Basic Model:Creature
30477,Chameleon polybag,Creator:Basic Model:Creature
30478,Santa Claus polybag,Creator:Basic Model:Holiday & Event:Christmas
30495,AT-ST - Mini polybag,Star Wars:Mini:Star Wars Episode 4/5/6
30496,U-Wing Fighter - Mini polybag,Star Wars:Mini:Star Wars Rogue One
30497,First Order Heavy Assault Walker - Mini polybag,Star Wars:Mini:Star Wars Episode 8
30498,Imperial AT-Hauler - Mini polybag,Star Wars:Mini:Star Wars Solo
30499,Robot/Vehicle Free Builds polybag,Classic
30503,Build Your Own Animals - Make It Yours polybag,Creator:Basic Model:Creature
30509,Yellow Yoshi's Fruit Tree - Expansion Set polybag,Super Mario:Super Mario Expansion Set
30510,90 Years of Cars polybag,Classic
30521,The Mini Batmobile polybag,Super Heroes:The LEGO Batman Movie
30522,Batman in the Phantom Zone polybag,Super Heroes:The LEGO Batman Movie
30523,The Joker Battle Training polybag,Super Heroes:The LEGO Batman Movie
30524,The Mini Batwing polybag,Super Heroes:The LEGO Batman Movie
30525,The Guardians' Ship polybag,Super Heroes:Avengers Infinity War
30526,The Mini Ultimate Batmobile polybag,Super Heroes:The LEGO Batman Movie
30527,Lucy vsader polybag,The LEGO Movie 2
30528,Mini Master-Building MetalBeard polybag,The LEGO Movie 2
30529,Mini Master-Building Emmet polybag,The LEGO Movie 2
30530,WU-CRU Target Training polybag,NINJAGO:(Other)
30531,Sons of Garmadon polybag,NINJAGO:Sons of Garmadon
30532,TURBO polybag,NINJAGO:(Other)
30533,Sam-X polybag,NINJAGO:Legacy
30534,Ninja Workout polybag,NINJAGO:Legacy
30535,Fire Flight polybag,NINJAGO:Legacy
30536,Combo Charger polybag,NINJAGO:Legacy:Rebooted
30537,Merchant Avatar Jay polybag,NINJAGO:Prime Empire
30539,Lloyd's Quad Bike polybag,NINJAGO:The Island
30540,Yellow Flyer polybag,Creator:Basic Model:Airport
30541,Yellow Chick polybag,Classic
30542,Cute Pug polybag,Creator:Basic Model:Creature
30543,Christmas Train polybag,Creator:Basic Model:Holiday & Event:Christmas
30545,Fish Free Builds - Make It Yours polybag,Creator:Basic Model:Creature
30546,Krypto saves the day polybag,DC Super Hero Girls
30547,Dragon Hunter polybag,NINJAGO:Hunted
30548,Build Your Own Birds - Make it Yours polybag,Creator:Basic Model:Creature
30549,Build Your Own Vehicles - Make it Yours polybag,Creator:Basic Model:Traffic
30550,Easter Bunny polybag,Creator:Basic Model:Holiday & Event:Easter
30551,Cinderella's Kitchen polybag,Disney:Disney Princess:Cinderella
30552,Ariel's Underwater Symphony polybag,Disney:Disney Princess:The Little Mermaid
30553,Elsa's Winter Throne polybag,Disney:Disney Princess:Frozen:Frozen II
30554,Cinderella Mini Castle polybag,Disney:Disney Princess:Cinderella
30555,Poppy's Carriage polybag,Trolls World Tour
30556,Mini Frame polybag,Dots
30557,Photo Holder Cube polybag,Dots
30558,Raya and the Ongi polybag,Disney:Raya and the Last Dragon
30559,Elsa and Bruni’s Forest Camp polybag,Disney:Disney Princess:Frozen
30560,Photo Holder & Mini Board polybag,Dots
30562,Monkie Kid's Underwater Journey polybag,Monkie Kid
30563,Build your own Snail polybag,Creator:Basic Model:Creature
30564,Build your own Monster polybag,Creator:Basic Model:Creature
30565,Birthday Clown polybag,Creator:Basic Model:Holiday & Event:Birthday
30566,Fire Helicopter polybag,Town:City:Fire
30567,Police Water Scooter polybag,Town:City:Police
30568,Skater polybag,Town:City:Recreation
30569,LEGO Stand polybag,Town:City
30570,Wildlife Rescue Hovercraft polybag,Town:City:Wildlife Rescue
30571,Pelican polybag,Creator:Basic Model:Creature
30572,Race Car polybag,Creator:Basic Model:Race
30573,Santa polybag,Creator:Basic Model:Holiday & Event:Christmas
30574,Cat polybag,Creator:Basic Model:Creature
30575,Train polybag,Creator:Basic Model:Train
30576,Holiday tree polybag,Creator:Basic Model:Holiday & Event:Christmas
30577,Super Muscle Car polybag,Creator:Basic Model:Race
30578,German Shepherd polybag,Creator:Basic Model:Creature
30579,Easter Chick Egg polybag,Creator:Basic Model:Holiday & Event:Easter
30580,Santa Claus polybag,Creator:Basic Model:Holiday & Event:Christmas
30581,Tropical Parrot polybag,Creator:Basic Model:Creature
30582,Birthday Bear polybag,Creator:Basic Model:Holiday & Event:Birthday
30583,Easter Bunny polybag,Creator:Basic Model:Holiday & Event:Easter
30584,Winter Holiday Train polybag,Creator:Basic Model:Holiday & Event:Christmas
30585,Fire Patrol Vehicle polybag,Town:City:Fire
30587,Police Robot Unit polybag,Town:City:Police
30588,Kids' Playground polybag,Town:City:Recreation
30589,Go-Kart Racer polybag,Town:City:Race
30590,Farm Garden & Scarecrow polybag,Town:City:Farm
30591,Titanium Mini Mech polybag,NINJAGO:Legacy:Possession
30592,Mini Thunder Raider polybag,NINJAGO:Core
30593,Lloyd Suit Mech polybag,NINJAGO:Core
30594,Rock Monster Truck polybag,Creator:Basic Model
30601,Scooby-Doo polybag,Scooby-Doo
30602,First Order Stormtrooper polybag,Star Wars:Star Wars Episode 7
30603,Batman Classic TV Series - Mr. Freeze polybag,Super Heroes:Batman Classic TV Series
30604,Cosmic Boy polybag,Super Heroes:Super Heroes Other
30605,Finn (FN-2187) polybag,Star Wars:Star Wars Episode 7
30606,Nightwing polybag,Super Heroes:Batman II
30607,Disco Batman - Tears of Batman polybag,Super Heroes:The LEGO Batman Movie
30608,Kendo Lloyd polybag,The LEGO NINJAGO Movie
30609,Lloyd polybag,The LEGO NINJAGO Movie
30610,Giant-Man Hank Pym polybag,Super Heroes:Avengers
30611,R2-D2 - Mini polybag,Star Wars:Mini:Star Wars Episode 4/5/6
30612,Batgirl polybag,Super Heroes:The LEGO Batman Movie
30614,Lex Luthor polybag,Super Heroes
30615,Edna Mode polybag,The Incredibles:Incredibles 2
30617,Green Lantern Jessica Cruz polybag,Super Heroes
30620,Star-Stuck Emmet polybag,The LEGO Movie 2
30623,SHAZAM! polybag,Super Heroes:Super Heroes Other
30624,Obi-Wan Kenobi - Collectible Minifigure polybag,Star Wars:Star Wars Episode 4/5/6
30625,Luke Skywalker with Blue Milk polybag,Star Wars:Star Wars Other
30628,The Monster Book of Monsters,Harry Potter:Sculptures:Prisoner of Azkaban
30630,Aquadirt Racer polybag,Promotional
30633,Skate Ramp polybag,Friends
30634,Friendship Flowers polybag,Friends
30635,Beach Cleanup polybag,Friends
30636,Z-Blob and Bunchu Spider Escape polybag,DREAMZzz
30637,Animal Tray and Bag Tag polybag,Dots
30638,Police Bicycle Training polybag,Town:City:Police
30639,Dog Park and Scooter polybag,Town:City:Recreation
30640,Race Car polybag,Town:City:Race
30641,Panda Bear polybag,Creator:Basic Model:Creature
30642,Birthday Train polybag,Creator:Basic Model:Holiday & Event:Birthday
30643,Easter Chickens polybag,Creator:Basic Model:Holiday & Event:Easter
30644,Vintage Car polybag,Creator:Basic Model:Traffic
30645,Snowman polybag,Creator:Basic Model:Holiday & Event:Christmas
30646,Moana's Dolphin Cove polybag,Disney:Disney Princess:Moana
30647,The Dripstone Cavern polybag,Minecraft
30648,Whale polybag,DUPLO:Basic Set
30649,Ice Dragon Creature polybag,NINJAGO:Core
30650,Kai and Rapton's Temple Battle polybag,NINJAGO:Dragons Rising Season 1
30651,Quidditch Practice polybag,Harry Potter:Mini
30652,Doctor Strange's Interdimensional Portal polybag,Super Heroes:The Infinity Saga
30653,Batman 1992 polybag,Super Heroes:Tim Burton's Batman
30654,X-Wing Starfighter - Mini polybag,Star Wars:Mini:Star Wars Episode 4/5/6
30655,Forklift with Pallet polybag,Technic:Model:Construction
30656,Monkey King Marketplace polybag,Monkie Kid
30657,McLaren Solus GT polybag,SPEED CHAMPIONS
30658,Mobile Music Trailer polybag,Friends
30659,Flower Garden polybag,Friends
30660,Zoey's Dream Jet Pack Booster polybag,DREAMZzz
30661,Asha's Welcome Booth polybag,Disney:Wish
30662,Maple's Pumpkin Garden polybag,Animal Crossing
30663,Space Hoverbike polybag,Town:City:Space Exploration
30664,Police Off-Road Buggy Car polybag,Town:City:Police
30665,Baby Gorilla Encounter polybag,Town:City:Jungle
30666,Gift Animals polybag,Creator:Model:Creature
30667,Animal Birthday Party polybag,Creator:Basic Model:Holiday & Event:Birthday
30668,Easter Bunny with Colorful Eggs polybag,Creator:Basic Model:Holiday & Event:Easter
30669,Iconic Red Plane polybag,Creator:Model:Airport
30670,Santa's Sleigh Ride polybag,Creator:Basic Model:Holiday & Event:Christmas
30671,Aurora's Forest Playground polybag,Disney:Disney Princess:Sleeping Beauty
30672,Steve and Baby Panda polybag,Minecraft
30673,My First Duck paper bag / polybag,DUPLO:Basic Set
30674,Zane's Dragon Power Vehicles polybag,NINJAGO:Dragons Rising Season 1
30675,Tournament Training Ground polybag,NINJAGO:Dragons Rising Season 2
30676,Kiki's Coconut Attack polybag,Sonic the Hedgehog
30677,Draco in the Forbidden Forest polybag,Harry Potter:Sorcerer's Stone
30678,Minions' Jetboard polybag,Despicable Me and Minions:Despicable Me 4
30679,Venom Street Bike polybag,Super Heroes:Spider-Man
30680,AAT - Mini polybag,Star Wars:Mini:Star Wars Episode 1
30682,NASA Mars Rover Perseverance polybag,Technic:Model:Space Exploration
30683,McLaren Formula 1 Car polybag,SPEED CHAMPIONS
30685,TIE Interceptor - Mini polybag,Star Wars:Mini:Star Wars Episode 4/5/6
30686,My First Flower & Bee paper bag,DUPLO:Basic Set
30687,Bluey Tea Party paper bag / polybag,Bluey
30688,Tropical Toucan paper bag / polybag,Creator:Model:Creature
30689,Birthday Party Animals paper bag / polybag,Creator:Basic Model:Holiday & Event:Birthday
30690,Easter Egg Chick Painting Fun paper bag / polybag,Creator:Basic Model:Holiday & Event:Easter
30691,Mini Convertible Monster Truck paper bag / polybag,Creator:Model:Race
30692,Christmas Chimney Fun with Santa paper bag / polybag,Creator:Basic Model:Holiday & Event:Christmas
30693,Police Water Scooter paper bag / polybag,Town:City:Police
30694,Space Science Mech paper bag / polybag,Town:City:Space Exploration
30695,Cinderella's Mini Garden Castle paper bag / polybag,Disney:Disney Princess:Cinderella
30696,Autumn's Waffle Stand paper bag / polybag,Friends
30697,Nova's Doghouse Build paper bag / polybag,Friends
30698,Cooper's Flying Controller Mini Build paper bag / polybag,DREAMZzz
30699,Mini Ninja Combo Mech paper bag / polybag,NINJAGO:Dragons Rising Season 3
30700,Arin vs. Dragonian Battle paper bag / polybag,NINJAGO:Dragons Rising Season 3
30701,Field Flowers paper bag / polybag,Botanicals
30702,Toad (Pit Crew) paper bag / polybag,Super Mario:Mario Kart
30703,Julian's Beach Painting paper bag / polybag,Animal Crossing
30704,Balkiry Attack paper bag / polybag,Sonic the Hedgehog
30705,The Lush Cave Fight paper bag / polybag,Minecraft
30706,Quidditch Lesson paper bag / polybag,Harry Potter:Sorcerer's Stone
30707,Venom's Museum Robbery paper bag / polybag,Super Heroes:Spider-Man
30708,Millennium Falcon - Mini paper bag / polybag,Star Wars:Mini:Star Wars Episode 4/5/6
30709,Ferrari 499P - Hypercar paper bag / polybag,SPEED CHAMPIONS
30710,Skid-Steer Loader paper bag / polybag,Technic:Model:Construction
30711,Play with Braille Bricks paper bag / polybag,Braille Bricks
30712,Celebration Cake paper bag,DUPLO:Basic Set
30714,Orange Cat paper bag,Creator:Model:Creature
30715,Cute Animal Birthday Party paper bag,Creator:Basic Model:Holiday & Event:Birthday
30716,Cute Easter Bunny paper bag,Creator:Basic Model:Holiday & Event:Easter
30719,Go-Kart Racer paper bag,Town:City:Race
30720,Ariel & Flounder's Birthday Music Fun paper bag,Disney:Disney Princess:The Little Mermaid
30721,Flower Stand with Roses paper bag,Friends
30722,Garden Bunny House paper bag,Friends
30723,Cole's Car paper bag,NINJAGO:Legacy:Rise of the Snakes
30724,Dumbledore's Office with Harry Potter paper bag,Harry Potter:Chamber of Secrets
30725,Spider-Man vs. Anti-Venom Heist paper bag,Super Heroes:Spider-Man
30726,Batman: Bruce Wayne and the Batsuit paper bag,Super Heroes:Batman II
30727,TIE Advanced - Mini paper bag,Star Wars:Mini:Star Wars Episode 4/5/6
30732,Alex's Campfire Conflict paper bag,Minecraft
30733,Badnik: Skorp paper bag,Sonic the Hedgehog
30735,Hot Rod Car paper bag,Technic:Model:Race
42000,Grand Prix Racer,Technic:Model:Race
42001,Mini Off-Roader,Technic:Model:Off-Road
42002,Hovercraft,Technic:Model:Harbor
42004,Mini Backhoe,Technic:Model:Construction
42005,Monster Truck,Technic:Model:Off-Road
42006,Excavator,Technic:Model:Construction
42007,Moto Cross Bike,Technic:Model:Riding Cycle
42008,Service Truck,Technic:Model:Traffic
42009,Mobile Crane Mk II,Technic:Model:Construction
42010,Off-Road Racer,Technic:Model:Race
42011,Race Car,Technic:Model:Race
42020,Twin-rotor Helicopter,Technic:Model:Airport
42021,Snowmobile,Technic:Model:Off-Road
42022,Hot Rod,Technic:Model:Race
42023,Construction Crew,Technic:Model:Construction
42024,Container Truck,Technic:Model:Traffic
42025,Cargo Plane,Technic:Model:Airport
42026,Black Champion Racer,Technic:Model:Race
42027,Desert Racer,Technic:Model:Race
42028,Bulldozer,Technic:Model:Construction
42029,Customized Pick up Truck,Technic:Model:Off-Road
42030,Volvo L350F Wheel Loader,Technic:Model:Construction
42031,Cherry Picker,Technic:Model:Construction
42032,Compact Tracked Loader,Technic:Model:Construction
42033,Record Breaker,Technic:Model:Race
42034,Quad Bike,Technic:Model:Off-Road
42035,Mining Truck,Technic:Model:Construction
42036,Street Motorcycle,Technic:Model:Riding Cycle
42037,Formula Off-Roader,Technic
42038,Arctic Truck,Technic
42039,24 Hours Race Car,Technic:Model:Race
42040,Fire Plane,Technic:Model:Airport
42041,Race Truck {Reissue},Technic:Model:Race
42042,Crawler Crane,Technic:Model:Construction
42043,Mercedes-Benz Arocs 3245,Technic
42044,Display Team Jet,Technic:Model:Airport
42045,Hydroplane Racer,Technic:Model:Harbor
42046,Getaway Racer,Technic:Model:Race
42047,Police Interceptor,Technic:Model:Police
42048,Race Kart,Technic:Model:Race
42049,Mine Loader,Technic:Model:Construction
42050,Drag Racer,Technic:Model:Race
42052,Heavy Lift Helicopter,Technic:Model:Airport
42053,Volvo EW160E,Technic:Model:Construction
42054,CLAAS XERION 5000 TRAC VC,Technic:Model:Farm
42055,Bucket Wheel Excavator,Technic:Model:Construction
42056,Porsche 911 GT3 RS,Technic:Model:Race
42057,Ultralight Helicopter,Technic:Model:Airport
42058,Stunt Bike,Technic:Model:Race
42059,Stunt Truck,Technic:Model:Race
42060,Roadwork Crew,Technic:Model:Construction
42061,Telehandler,Technic:Model:Construction
42062,Container Yard,Technic:Model:Construction
42063,BMW R 1200 GS Adventure,Technic:Model:Riding Cycle
42064,Ocean Explorer,Technic:Model:Harbor
42065,RC Tracked Racer,Technic:Model:Race
42066,Air Race Jet,Technic:Model:Airport
42068,Airport Rescue Vehicle,Technic:Model:Fire
42069,Extreme Adventure,Technic:Model:Off-Road
42070,6x6 All Terrain Tow Truck,Technic:Model:Traffic
42071,Dozer Compactor,Technic:Model:Construction
42072,WHACK!,Technic:Model:Race
42073,BASH!,Technic:Model:Race
42074,Racing Yacht,Technic:Model:Harbor
42075,First Responder,Technic:Model:Fire
42076,Hovercraft,Technic:Model:Harbor
42077,Rally Car,Technic:Model:Race
42078,Mack Anthem,Technic:Model:Traffic
42079,Heavy Duty Forklift,Technic:Model:Construction
42080,Forest Machine,Technic:Model:Farm
42081,Volvo Concept Wheel Loader ZEUX,Technic:Model:Construction
42082,Rough Terrain Crane,Technic:Model:Construction
42083,Bugatti Chiron,Technic:Model:Traffic
42084,Hook Loader,Technic:Model:Construction
42088,Cherry Picker,Technic:Model:Construction
42089,Power Boat,Technic:Model:Harbor
42090,Getaway Truck,Technic:Model:Race
42091,Police Pursuit,Technic:Model:Police
42092,Rescue Helicopter,Technic:Model:Airport
42093,Chevrolet Corvette ZR1,Technic:Model:Race
42094,Tracked Loader,Technic:Model:Construction
42095,Remote-Controlled Stunt Racer,Technic:Model:Race
42096,Porsche 911 RSR,Technic:Model:Race
42097,Compact Crawler Crane,Technic:Model:Construction
42098,Car Transporter,Technic:Model:Traffic
42099,4x4 X-treme Off-Roader,Technic:Model:Off-Road
42100,Liebherr R 9800,Technic:Model:Construction
42101,Buggy,Technic:Model:Off-Road
42102,Mini CLAAS XERION,Technic:Model:Farm
42103,Dragster,Technic:Model:Race
42104,Race Truck,Technic:Model:Race
42105,Catamaran,Technic:Model:Harbor
42106,Stunt Show Truck & Bike,Technic:Model:Race
42107,Ducati Panigale V4 R,Technic:Model:Riding Cycle
42108,Mobile Crane,Technic:Model:Construction
42109,App-Controlled Top Gear Rally Car,Technic:Model:Race
42110,Land Rover Defender,Technic:Model:Off-Road
42111,Dom's Dodge Charger,Technic:Model:Race
42112,Concrete Mixer Truck,Technic:Model:Construction
42113,Bell-Boeing V-22 Osprey,Technic:Model:Airport
42114,6x6 Volvo Articulated Hauler,Technic:Model:Construction
42115,Lamborghini Sián (Sian) FKP 37,Technic:Model:Race
42116,Skid Steer Loader,Technic:Model:Construction
42117,Race Plane,Technic:Model:Airport
42118,Monster Jam Grave Digger,Technic:Model:Race
42119,Monster Jam Max-D,Technic:Model:Race
42120,Rescue Hovercraft,Technic:Model:Harbor
42121,Heavy Duty Excavator,Technic:Model:Construction
42122,Jeep Wrangler,Technic:Model:Off-Road
42123,McLaren Senna GTR,Technic:Model:Race
42124,Off-Road Buggy,Technic:Model:Off-Road
42125,Ferrari 488 GTE AF CORSE #51,Technic:Model:Race
42126,Ford F-150 Raptor,Technic:Model:Off-Road
42127,The Batman - Batmobile,Technic:Super Heroes:The Batman
42128,Heavy-duty Tow Truck,Technic
42129,4x4 Mercedes-Benz Zetros Trial Truck,Technic
42130,BMW M 1000 RR,Technic:Model:Riding Cycle
42131,Cat D11 Bulldozer,Technic:Model:Construction
42132,Motorcycle,Technic:Model:Riding Cycle
42133,Telehandler,Technic:Model:Construction
42134,Monster Jam Megalodon,Technic:Model:Race
42135,Monster Jam El Toro Loco,Technic:Model:Race
42136,John Deere 9620R 4WD Tractor,Technic:Model:Farm
42137,Formula E Porsche 99X Electric,Technic:Model:Race
42138,Ford Mustang Shelby GT500,Technic
42139,All-Terrain Vehicle,Technic:Model:Construction
42140,App-Controlled Transformation Vehicle,Technic:Model:Race
42141,McLaren Formula 1 Team 2022 Race Car,Technic:Model:Race
42143,Ferrari Daytona SP3,Technic:Model:Race
42144,Material Handler,Technic:Model:Construction
42145,Airbus H175 Rescue Helicopter,Technic:Model:Airport
42146,Liebherr Crawler Crane LR 13000,Technic:Model:Construction
42147,Dump Truck,Technic:Model:Construction
42148,Snow Groomer,Technic:Model:Traffic
42149,Monster Jam Dragon,Technic:Model:Race
42150,Monster Jam Monster Mutt Dalmatian,Technic:Model:Race
42151,Bugatti Bolide,Technic:Model:Race
42152,Firefighter Aircraft,Technic:Model:Fire
42153,NASCAR Next Gen Chevrolet Camaro,Technic:Model:Race
42154,2022 Ford GT,Technic:Model:Race
42155,The Batman - Batcycle,Technic:Super Heroes:The Batman
42156,Peugeot 9X8 24H Le Mans Hybrid Hypercar,Technic:Model:Race
42157,John Deere 948L-II Skidder,Technic:Model:Farm
42158,NASA Mars Rover Perseverance,Technic:Model:Space Exploration
42159,Yamaha MT-10 SP,Technic:Model:Riding Cycle
42160,Audi RS Q e-tron,Technic:Model:Race
42161,Lamborghini Huracán Tecnica,Technic:Model:Race
42162,Bugatti Bolide Agile Blue,Technic:Model:Race
42163,Heavy-Duty Bulldozer,Technic:Model:Construction
42164,Off-Road Race Buggy,Technic:Model:Race
42165,Mercedes-AMG F1 W14 Pull-Back,Technic:Model:Race
42166,NEOM McLaren Extreme E Team,Technic:Model:Race
42167,Mack LR Electric Garbage Truck,Technic:Model:Traffic
42168,John Deere 9700 Forage Harvester,Technic:Model:Farm
42169,NEOM McLaren Formula E Team,Technic:Model:Race
42170,Kawasaki Ninja H2R Motorcycle,Technic:Model:Riding Cycle
42171,Mercedes-AMG F1 W14 E Performance,Technic:Model:Race
42172,McLaren P1,Technic:Model:Traffic
42173,Koenigsegg Jesko Absolut Gray Hypercar,Technic:Model:Race
42174,Emirates Team New Zealand AC75 Yacht,Technic:Model:Harbor
42175,Volvo FMX Truck & EC230 Electric Excavator,Technic:Model:Construction
42176,Porsche GT4 e-Performance,Technic:Model:Race
42177,Mercedes-Benz G 500 PROFESSIONAL Line,Technic:Model:Off-Road
42178,Surface Space Loader LT78,Technic:Model:Space Exploration
42179,Planet Earth and Moon in Orbit,Technic:Model:Space Exploration
42180,Mars Crew Exploration Rover,Technic:Model:Space Exploration
42181,VTOL Heavy Cargo Spaceship LT81,Technic:Model:Space Exploration
42182,NASA Apollo Lunar Roving Vehicle - LRV,Technic:Model:Space Exploration
42184,Koenigsegg Jesko Absolut White Hypercar,Technic:Model:Race
42196,Lamborghini Huracán Tecnica Orange,Technic:Model:Race
42197,Backhoe Loader,Technic:Model:Construction
42198,Bush Plane,Technic:Model:Airport
42199,Monster Jam DIGatron Pull-Back,Technic:Model:Race
42200,Monster Jam ThunderROARus Pull-Back,Technic:Model:Race
42201,Deep-Sea Research Submarine,Technic:Model:Harbor
42202,Ducati Panigale V4 S Motorcycle,Technic:Model:Riding Cycle
42203,Tipping Dump Truck,Technic:Model:Construction
42204,Fast & Furious Toyota Supra MK4,Technic:Model:Race
42205,Chevrolet Corvette Stingray,Technic:Model:Race
42206,Oracle Red Bull Racing RB20 F1 Car,Technic:Model:Race
42207,Ferrari SF-24 F1 Car,Technic:Model:Race
42208,Aston Martin Valkyrie,Technic:Model:Race
42209,Volvo L120 Electric Wheel Loader,Technic:Model:Construction
42210,2 Fast 2 Furious Nissan Skyline GT-R (R34) Car,Technic:Model:Race
42211,Lunar Outpost Moon Rover,Technic:Model:Space Exploration
42212,Ferrari FXX K,Technic:Model:Race
42213,Ford Bronco SUV,Technic:Model:Off-Road
42214,Lamborghini Revuelto,Technic:Model:Race
42215,Volvo EC500 Hybrid Excavator,Technic:Model:Construction
42217,Chevrolet Corvette Stingray,Technic:Model:Race
42218,John Deere 1470H Wheeled Harvester,Technic:Model:Farm
42219,Monster Jam Grave Digger,Technic:Model:Race
42220,Monster Jam Sparkle Smash,Technic:Model:Race
42221,NASA Artemis Space Launch System Rocket,Technic:Model:Space Exploration
42222,Bugatti Chiron Pur Sport,Technic:Model:Race
42223,1966 Ford GT40 MKII Race Car,Technic:Model:Race
42224,Porsche 911 GT3 R REXY AO Racing,Technic:Model:Race
42601,Hamster Playground,Friends
42602,Space Research Rover,Friends
42603,Stargazing Camping Vehicle,Friends
42604,Heartlake City Shopping Mall,Friends
42605,Mars Space Base and Rocket,Friends
42606,Mobile Bakery Food Cart,Friends
42607,Autumn's Baby Cow Shed,Friends
42608,Tiny Accessories Store,Friends
42609,Electric Car and Charger,Friends
42610,Karaoke Music Party,Friends
42612,Cat Playground Adventure,Friends
42613,Heartlake City Hospital Ambulance,Friends
42614,Vintage Fashion Store,Friends
42615,Pet Adoption Day,Friends
42616,Heartlake City Music Talent Show,Friends
42617,Farm Animal Sanctuary,Friends
42618,Heartlake City Café {Cafe},Friends
42619,Pop Star Music Tour Bus,Friends
42620,Olly and Paisley's Family Houses,Friends
42621,Heartlake City Hospital,Friends
42622,Adventure Camp Archery Range,Friends
42623,Beach Water Scooter,Friends
42624,Adventure Camp Cozy Cabins,Friends
42625,Beach Smoothie Stand,Friends
42626,Adventure Camp Water Sports,Friends
42630,Heartlake City Water Park,Friends
42631,Adventure Camp Tree House,Friends
42632,Farm Animal Vet Clinic,Friends
42633,Hot Dog Food Truck,Friends
42634,Horse and Pony Trailer,Friends
42635,Dog-Grooming Car,Friends
42636,Heartlake City Preschool,Friends
42637,"Advent Calendar 2024, Friends",Holiday & Event:Advent:Friends
42638,Castle Bed and Breakfast,Friends
42639,Andrea's Modern Mansion,Friends
42640,Guinea Pig Playground,Friends
42641,Surfing Dogs and Scooter Adventure,Friends
42642,Friendship Movie Night,Friends
42643,Cotton Candy Stand and Scooter,Friends
42644,Heartlake City Ice Cream Truck,Friends
42645,Aliya's Baby Sister's Playroom,Friends
42646,Autumn's Room,Friends
42647,Paisley's Room,Friends
42648,Panda Sanctuary,Friends
42649,Heartlake City Candy Store,Friends
42650,Pet Accessories Shop,Friends
42651,Horse and Pet Vet Clinic,Friends
42652,Friendship Tree House Hangout,Friends
42653,Music Store & Apartment,Friends
42654,Pony Ranch & Stable,Friends
42655,Restaurant and Cooking School,Friends
42656,Heartlake City Airport and Airplane,Friends
42658,Unicorn & Flamingo Pool Party,Friends
42659,Friendship Road-Trip Travel Car,Friends
42661,Costume Party,Friends
42662,Hair Salon and Accessories Shop,Friends
42663,Friendship Camper Van Adventure,Friends
42664,Travel Boat Adventure,Friends
42665,Puppy Playground,Friends
42666,Cat Birthday Party,Friends
42668,"Advent Calendar 2025, Friends",Holiday & Event:Advent:Friends
42669,Beekeepers' House and Flower Garden,Friends
42670,Heartlake City Apartments and Shops,Friends
42671,Plant Café & Flower Shop {Cafe},Friends
42672,Creative Beach and Travel Suitcase,Friends
42673,Family Vacation Beach Resort,Friends
42674,Comic Book and Game Store,Friends
42675,Unicorn Cake Delivery Car,Friends
42677,Dog Treats Bakery,Friends
42678,Pet Accessories Van,Friends
42679,Heartlake City Bunny Hotel,Friends
42680,Heartlake City Convenience Store,Friends
42681,Axolotl Adventure Boat,Friends
42684,Unicorn Dream Café {Cafe},Friends
42685,Heartlake City Fashion Show,Friends
42686,Fun Indoor Playground,Friends
42687,Liann's Family House,Friends
42688,Horse Stable and Riding Academy,Friends
42689,Heartlake City Friends Club House,Friends
42691,Garden Restaurant,Friends
42692,Ice Cream & Balloon Stand,Friends
42695,Horse & Baby Foal Trailer,Friends
42696,Animal Vet Clinic,Friends
42699,Beach House with Seals,Friends
